transaction_id,merchant_id,timestamp,amount,device_id,device_is_known,ip_country_match,label
TXN100604,9,2026-08-01 05:30:16.224234,244.16,366,True,True,0
TXN103720,7,2026-08-01 06:57:22.400842,4316.32,325,True,True,0
TXN102206,1,2026-08-01 07:11:20.704200,184.96,102,True,True,0
TXN103786,2,2026-08-01 08:07:35.889180,2101.47,570,True,True,0
TXN100196,4,2026-08-01 09:05:02.438358,555.95,552,True,True,0
TXN100749,1,2026-08-01 09:12:34.494648,318.97,211,True,True,0
TXN101339,4,2026-08-01 09:26:55.183030,385.76,272,True,True,0
TXN101502,2,2026-08-01 09:38:16.004543,677.71,145,True,True,0
TXN102288,11,2026-08-01 10:20:21.528376,341.8,716,True,True,0
TXN101872,7,2026-08-01 10:23:01.908774,2254.04,142,True,True,0
TXN103630,5,2026-08-01 10:52:19.361224,3045.04,446,True,True,0
TXN104004,9,2026-08-01 10:59:18.525925,209.36,198,False,True,0
TXN100776,5,2026-08-01 11:21:37.544660,1752.42,2,True,True,0
TXN100400,11,2026-08-01 12:09:56.770588,482.73,625,True,True,0
TXN103524,3,2026-08-01 12:21:13.204172,970.24,770,True,True,0
TXN100562,5,2026-08-01 12:41:51.095573,2108.68,326,True,True,0
TXN103391,6,2026-08-01 12:58:57.169449,403.09,652,True,False,0
TXN102115,2,2026-08-01 13:11:26.222507,2244.28,608,False,True,0
TXN100586,8,2026-08-01 13:15:39.043111,187.57,254,True,True,0
TXN102788,0,2026-08-01 13:20:50.232289,451.79,37,True,True,0
TXN101588,10,2026-08-01 13:56:34.235731,990.17,547,True,True,0
TXN102157,7,2026-08-01 14:09:59.605687,9146.52,692,True,True,0
TXN103907,11,2026-08-01 14:30:57.313345,643.27,399,True,True,0
TXN101148,8,2026-08-01 14:51:28.495471,290.18,673,True,True,0
TXN100069,5,2026-08-01 15:03:00.765730,679.47,732,True,True,0
TXN102496,9,2026-08-01 15:09:13.481170,234.79,120,True,True,0
TXN103614,9,2026-08-01 15:22:16.559440,518.3,689,True,True,0
TXN100695,3,2026-08-01 15:42:57.905648,1126.17,521,True,True,0
TXN102004,9,2026-08-01 16:03:10.484125,111.95,53,False,True,0
TXN100979,6,2026-08-01 16:22:55.045957,1127.32,350,True,True,0
TXN102878,10,2026-08-01 16:36:40.569048,473.37,165,True,True,0
TXN103791,2,2026-08-01 16:39:34.132898,1814.74,505,True,True,0
TXN103768,9,2026-08-01 16:41:25.171584,225.89,378,True,True,0
TXN103784,11,2026-08-01 16:50:05.127018,697.95,111,True,True,0
TXN103815,0,2026-08-01 16:54:01.120795,1920.32,420,True,True,0
TXN103700,1,2026-08-01 17:02:55.234548,339.6,761,True,True,0
TXN103899,11,2026-08-01 17:03:45.957758,1845.15,434,True,True,0
TXN103624,9,2026-08-01 17:17:01.550282,216.52,133,True,True,0
TXN103538,6,2026-08-01 17:32:15.634107,1232.02,473,True,True,0
TXN102448,9,2026-08-01 17:34:50.419758,233.08,793,True,True,0
TXN103539,9,2026-08-01 17:37:09.072967,324.32,645,True,True,0
TXN102266,8,2026-08-01 17:37:44.240760,266.97,669,True,False,0
TXN103259,4,2026-08-01 17:39:05.922781,832.07,670,True,True,0
TXN102073,4,2026-08-01 17:47:11.515048,496.95,315,True,True,0
TXN100317,8,2026-08-01 17:56:32.257480,225.12,713,True,True,0
TXN100198,4,2026-08-01 18:01:31.263487,746.63,573,True,True,0
TXN102578,11,2026-08-01 18:10:37.460947,704.16,107,True,True,0
TXN101039,9,2026-08-01 18:27:25.146191,327.13,328,True,True,0
TXN100582,1,2026-08-01 18:38:43.536031,245.84,36,True,True,0
TXN100965,7,2026-08-01 18:52:00.172657,1695.44,744,True,True,0
TXN100846,1,2026-08-01 18:52:05.738145,816.86,686,True,True,0
TXN100174,8,2026-08-01 18:53:45.736642,415.96,36,True,True,0
TXN100160,11,2026-08-01 19:12:58.991035,799.23,759,False,True,0
TXN101008,8,2026-08-01 19:22:26.635347,712.25,393,True,True,0
TXN101440,9,2026-08-01 19:51:03.519283,772.61,355,True,True,0
TXN103953,5,2026-08-01 19:58:09.984981,1724.95,232,True,True,0
TXN103190,0,2026-08-01 20:03:23.133493,581.95,544,True,True,0
TXN103714,8,2026-08-01 20:18:45.276211,359.06,562,True,True,0
TXN102746,2,2026-08-01 20:24:59.489085,1012.87,75,True,True,0
TXN101209,11,2026-08-01 20:38:23.758381,272.62,541,True,True,0
TXN102532,11,2026-08-01 20:47:22.614810,838.53,407,True,True,0
TXN101608,2,2026-08-01 21:21:10.656618,467.59,365,True,True,0
TXN101123,2,2026-08-01 21:21:47.504295,1027.86,201,False,True,0
TXN102314,2,2026-08-01 21:26:24.261484,633.78,484,True,True,0
TXN102511,10,2026-08-01 21:31:21.485201,441.12,241,True,True,0
TXN102963,0,2026-08-01 21:46:24.075953,1646.81,363,True,True,0
TXN103409,5,2026-08-01 21:49:07.887218,1159.0,182,True,True,0
TXN101061,8,2026-08-01 22:04:33.526499,474.25,588,True,True,0
TXN100673,1,2026-08-01 22:06:35.974114,1086.4,94,True,True,0
TXN103046,8,2026-08-01 22:06:44.619152,430.78,157,True,True,0
TXN103370,11,2026-08-01 22:17:28.474733,507.34,230,True,True,0
TXN103440,11,2026-08-01 22:53:40.178197,443.11,150,True,True,0
TXN100324,11,2026-08-01 22:59:53.347136,695.06,676,True,True,0
TXN101922,9,2026-08-01 23:00:31.172389,422.28,434,True,True,0
TXN100221,5,2026-08-01 23:01:24.175923,1435.78,771,True,True,0
TXN101152,5,2026-08-01 23:06:19.829992,1853.53,38,True,True,0
TXN101867,9,2026-08-01 23:27:44.044830,403.98,568,True,True,0
TXN103945,8,2026-08-01 23:29:40.726797,213.3,791,True,True,0
TXN101547,10,2026-08-01 23:48:29.904065,517.3,381,True,True,0
TXN102602,9,2026-08-01 23:50:12.862967,504.38,641,True,True,0
TXN103992,1,2026-08-02 00:46:47.364086,187.83,349,True,True,0
TXN103625,8,2026-08-02 00:53:40.416002,1198.36,257,True,True,0
TXN100450,11,2026-08-02 00:57:27.956562,530.19,532,True,True,0
TXN103288,2,2026-08-02 01:02:30.277912,812.74,764,True,True,0
TXN102446,9,2026-08-02 01:19:05.273469,311.39,247,True,True,0
TXN104082,9,2026-08-02 01:40:52.121666,241.52,646,True,True,0
TXN103555,5,2026-08-02 01:41:37.633453,3598.29,215,True,True,0
TXN102150,3,2026-08-02 01:51:20.421073,3177.12,285,True,True,0
TXN102923,6,2026-08-02 01:52:25.873234,796.23,245,True,False,0
TXN100471,9,2026-08-02 01:56:13.098365,219.87,507,True,True,0
TXN100837,2,2026-08-02 02:00:54.965752,2047.76,0,False,True,0
TXN101331,8,2026-08-02 02:12:01.161469,308.32,387,False,True,0
TXN102915,5,2026-08-02 02:30:33.600724,1358.33,486,True,True,0
TXN103985,4,2026-08-02 02:30:37.319444,570.67,17,True,True,0
TXN102778,4,2026-08-02 02:48:17.600400,465.67,352,True,True,0
TXN101258,6,2026-08-02 02:53:22.243352,1505.06,541,True,True,0
TXN100062,4,2026-08-02 02:54:27.545497,633.45,576,True,True,0
TXN102074,8,2026-08-02 03:01:53.530454,564.39,322,True,True,0
TXN103255,2,2026-08-02 03:28:16.376591,1739.29,555,True,True,0
TXN101650,2,2026-08-02 03:33:11.615685,799.15,761,True,True,0
TXN103916,0,2026-08-02 03:44:13.444374,2306.37,611,True,True,0
TXN102632,10,2026-08-02 03:54:45.829128,659.44,173,True,True,0
TXN103293,3,2026-08-02 03:55:25.581709,1285.84,332,True,True,0
TXN100310,7,2026-08-02 04:04:05.382368,526.36,283,True,True,0
TXN102562,8,2026-08-02 04:04:57.564269,718.11,773,True,True,0
TXN100635,8,2026-08-02 04:18:55.338252,743.73,524,True,True,0
TXN100183,8,2026-08-02 04:30:36.422366,471.41,387,False,True,0
TXN103956,6,2026-08-02 04:34:36.630077,434.04,14,True,True,0
TXN103466,6,2026-08-02 05:14:17.216904,1383.32,188,True,True,0
TXN102577,5,2026-08-02 05:24:47.017020,1573.69,711,True,True,0
TXN104036,8,2026-08-02 05:34:37.860504,339.96,177,True,True,0
TXN101679,6,2026-08-02 05:35:41.485119,4134.09,263,True,True,0
TXN103390,3,2026-08-02 05:39:13.823083,2119.28,417,True,True,0
TXN103688,11,2026-08-02 05:47:53.772281,1262.37,378,True,True,0
TXN103423,4,2026-08-02 05:53:15.753222,502.77,647,True,True,0
TXN100591,10,2026-08-02 06:12:38.640876,790.3,249,True,True,0
TXN104096,6,2026-08-02 06:15:35.560580,741.66,166,True,True,0
TXN101886,7,2026-08-02 06:31:08.114077,5869.63,402,True,True,0
TXN101151,6,2026-08-02 06:34:52.225795,527.8,770,True,True,0
TXN102380,2,2026-08-02 06:43:22.963184,716.96,435,True,True,0
TXN100962,10,2026-08-02 06:51:40.674529,350.44,470,True,True,0
TXN101063,8,2026-08-02 06:53:24.252083,336.97,462,True,True,0
TXN103035,11,2026-08-02 07:10:52.880553,458.34,449,True,True,0
TXN102708,8,2026-08-02 07:11:15.347341,671.86,694,True,True,0
TXN100895,7,2026-08-02 07:11:59.193261,944.89,397,True,True,0
TXN101774,9,2026-08-02 07:28:23.551815,311.35,509,True,True,0
TXN102267,8,2026-08-02 07:33:08.736683,1040.4,656,True,True,0
TXN100592,2,2026-08-02 07:36:37.503940,764.04,324,True,True,0
TXN103327,2,2026-08-02 07:53:58.013029,547.0,4,True,True,0
TXN102652,11,2026-08-02 07:55:49.158782,594.37,130,True,True,0
TXN102816,8,2026-08-02 07:58:06.730771,555.06,350,True,True,0
TXN100549,8,2026-08-02 08:09:26.773428,191.46,709,True,True,0
TXN102457,11,2026-08-02 08:10:58.666434,663.52,396,True,True,0
TXN100743,3,2026-08-02 08:46:57.984007,1831.67,318,True,True,0
TXN103670,1,2026-08-02 08:48:02.876478,125.49,438,True,True,0
TXN102047,6,2026-08-02 09:20:10.915119,739.36,704,True,True,0
TXN100924,2,2026-08-02 09:28:05.927295,2454.67,71,True,True,0
TXN100214,8,2026-08-02 09:28:30.377620,179.65,173,True,True,0
TXN102213,1,2026-08-02 09:28:50.985048,263.05,183,False,True,0
TXN101383,10,2026-08-02 09:36:22.699980,528.05,195,True,True,0
TXN103129,9,2026-08-02 09:37:15.309963,686.78,231,True,True,0
TXN100101,2,2026-08-02 09:55:18.040044,5015.12,32,True,True,0
TXN102105,3,2026-08-02 10:00:27.506164,2709.65,699,True,True,0
TXN101757,7,2026-08-02 10:03:11.267694,1726.31,136,True,True,0
TXN100096,2,2026-08-02 10:12:33.778923,766.56,1,False,True,0
TXN102005,1,2026-08-02 10:49:37.290428,284.78,506,True,True,0
TXN101073,6,2026-08-02 10:58:58.832945,1333.94,764,True,True,0
TXN103209,2,2026-08-02 11:17:14.572048,882.99,772,True,True,0
TXN102282,3,2026-08-02 11:19:49.020252,516.06,721,False,True,0
TXN102550,7,2026-08-02 11:22:17.268413,4084.95,460,True,True,0
TXN101264,2,2026-08-02 11:26:10.860086,1078.42,559,True,True,0
TXN103310,6,2026-08-02 11:33:20.033989,1596.95,312,True,True,0
TXN102019,5,2026-08-02 11:36:49.326468,1692.25,395,True,True,0
TXN103335,2,2026-08-02 11:47:11.691293,1051.36,186,True,True,0
TXN103758,0,2026-08-02 12:00:19.414634,984.45,10,True,True,0
TXN100252,2,2026-08-02 12:03:54.542868,1504.75,618,True,True,0
TXN103852,1,2026-08-02 12:39:00.276626,340.49,132,False,True,0
TXN100833,1,2026-08-02 12:46:12.711122,206.46,183,True,True,0
TXN100829,0,2026-08-02 12:46:44.878317,782.97,454,True,True,0
TXN100800,0,2026-08-02 13:02:37.947684,581.45,147,False,True,0
TXN103501,7,2026-08-02 13:13:00.938904,3484.83,501,True,True,0
TXN102054,8,2026-08-02 13:23:09.957411,335.72,185,True,True,0
TXN100120,5,2026-08-02 13:35:53.547531,1021.87,178,True,True,0
TXN101036,10,2026-08-02 13:38:36.697513,532.3,658,True,True,0
TXN103586,5,2026-08-02 13:44:41.748142,495.51,203,True,True,0
TXN101894,1,2026-08-02 14:06:37.380014,209.99,500,True,True,0
TXN101093,4,2026-08-02 14:06:47.764528,397.25,501,True,True,0
TXN103096,2,2026-08-02 14:17:03.044916,586.27,200,True,True,0
TXN102995,7,2026-08-02 14:17:08.622667,1055.11,307,True,True,0
TXN102613,7,2026-08-02 14:18:22.953403,1114.14,625,True,True,0
TXN102165,11,2026-08-02 14:42:13.124718,1271.22,81,True,True,0
TXN100300,4,2026-08-02 14:45:29.751321,1725.23,751,True,True,0
TXN103366,7,2026-08-02 14:53:42.567478,2086.59,512,True,True,0
TXN101445,0,2026-08-02 14:55:55.904970,1407.51,346,False,True,0
TXN101577,9,2026-08-02 15:18:13.835381,323.94,497,True,True,0
TXN100781,7,2026-08-02 15:36:46.072378,1341.78,576,True,True,0
TXN102905,10,2026-08-02 15:38:56.450487,632.25,742,True,True,0
TXN101107,10,2026-08-02 15:39:25.987168,1126.27,485,True,True,0
TXN102658,8,2026-08-02 15:45:03.135607,405.36,64,True,True,0
TXN101444,1,2026-08-02 15:59:06.186549,189.27,10,True,True,0
TXN100334,5,2026-08-02 16:10:34.564034,1359.77,783,True,True,0
TXN103462,10,2026-08-02 16:21:15.749947,770.33,185,True,True,0
TXN101140,10,2026-08-02 16:27:37.769155,582.26,218,True,True,0
TXN102289,4,2026-08-02 16:32:30.486769,492.48,572,True,True,0
TXN101455,0,2026-08-02 16:49:29.689999,757.89,678,True,True,0
TXN100397,2,2026-08-02 16:50:59.184260,1137.49,232,False,True,0
TXN103822,6,2026-08-02 17:19:40.060862,2737.0,5,True,False,0
TXN103757,6,2026-08-02 17:45:57.042198,1096.95,336,True,True,0
TXN103884,1,2026-08-02 18:03:49.163600,1580.64,28,True,True,0
TXN102262,0,2026-08-02 18:08:21.207808,1380.54,668,True,True,0
TXN100441,3,2026-08-02 18:20:44.796127,3410.67,664,False,True,0
TXN104127,1,2026-08-02 18:20:55.979464,163.75,108,True,True,0
TXN100079,8,2026-08-02 18:26:40.622376,338.1,586,True,True,0
TXN103367,3,2026-08-02 18:27:59.400490,925.7,750,True,True,0
TXN103519,11,2026-08-02 18:32:37.111201,539.42,185,True,True,0
TXN103577,10,2026-08-02 18:44:30.784276,976.78,476,True,True,0
TXN101214,0,2026-08-02 18:58:49.868274,892.8,434,True,True,0
TXN102293,8,2026-08-02 19:13:53.861700,387.28,288,False,True,0
TXN102718,6,2026-08-02 19:14:14.466138,1192.44,115,True,True,0
TXN103497,5,2026-08-02 19:14:28.778734,1267.03,769,True,True,0
TXN102281,4,2026-08-02 19:31:59.727309,526.47,142,True,True,0
TXN101202,11,2026-08-02 19:37:56.138803,697.17,637,True,True,0
TXN102463,7,2026-08-02 19:41:48.959847,1253.3,577,False,False,0
TXN103399,8,2026-08-02 19:55:15.652451,297.51,265,True,True,0
TXN102583,7,2026-08-02 20:11:32.047507,1940.36,131,True,True,0
TXN101711,5,2026-08-02 20:13:02.603267,643.87,714,True,True,0
TXN102753,7,2026-08-02 20:21:23.385193,2382.55,164,True,True,0
TXN103231,2,2026-08-02 20:31:36.642177,848.72,566,True,True,0
TXN101435,1,2026-08-02 20:33:22.015799,281.39,710,True,True,0
TXN103713,2,2026-08-02 20:40:57.058819,2366.35,142,True,True,0
TXN102460,4,2026-08-02 20:42:04.594831,454.59,59,True,True,0
TXN101543,6,2026-08-02 21:10:15.357651,1510.86,635,False,True,0
TXN100894,8,2026-08-02 21:21:13.545601,1285.04,695,True,True,0
TXN100679,11,2026-08-02 21:25:02.518050,1183.53,446,True,True,0
TXN103726,1,2026-08-02 21:31:27.167953,322.33,423,True,True,0
TXN102914,4,2026-08-02 21:33:15.443129,576.43,55,True,True,0
TXN103970,5,2026-08-02 22:03:13.936755,737.17,628,True,True,0
TXN100049,9,2026-08-02 22:17:36.516387,432.86,699,True,True,0
TXN104019,8,2026-08-02 22:20:39.148432,283.32,545,True,True,0
TXN101121,1,2026-08-02 22:33:19.620666,194.6,435,True,True,0
TXN102849,4,2026-08-02 22:34:13.964136,1497.38,325,True,True,0
TXN101923,5,2026-08-02 22:51:20.295578,1842.78,560,True,True,0
TXN102404,4,2026-08-02 22:58:04.321431,547.06,638,True,True,0
TXN100205,3,2026-08-02 22:59:01.583615,1962.55,465,True,True,0
TXN100081,5,2026-08-02 23:01:08.775838,632.31,308,True,True,0
TXN102798,8,2026-08-02 23:10:55.492897,624.7,460,True,True,0
TXN101668,6,2026-08-02 23:20:51.668897,845.37,356,True,True,0
TXN102851,4,2026-08-03 00:06:38.029669,346.72,620,True,True,0
TXN101568,10,2026-08-03 00:30:45.406464,648.53,155,True,True,0
TXN103444,11,2026-08-03 00:31:50.322455,879.5,279,True,True,0
TXN103374,8,2026-08-03 00:43:30.904455,617.04,569,True,True,0
TXN101227,11,2026-08-03 00:50:16.836430,555.09,611,True,True,0
TXN102901,9,2026-08-03 00:56:09.169619,276.16,540,True,True,0
TXN101199,7,2026-08-03 01:08:45.212313,1394.63,322,True,True,0
TXN101094,3,2026-08-03 01:14:46.987722,1124.06,488,True,True,0
TXN101086,9,2026-08-03 01:15:28.585631,215.12,276,True,True,0
TXN101823,10,2026-08-03 01:36:27.432471,606.24,365,True,True,0
TXN103188,0,2026-08-03 01:39:50.702829,2283.32,551,True,True,0
TXN101018,0,2026-08-03 01:46:28.368708,839.68,758,True,True,0
TXN101289,7,2026-08-03 01:49:19.303438,1499.73,376,True,True,0
TXN103820,1,2026-08-03 02:02:17.240495,691.1,23,True,True,0
TXN100357,10,2026-08-03 02:17:35.094028,1500.09,56,True,True,0
TXN103136,6,2026-08-03 02:17:58.549669,802.72,479,True,True,0
TXN103372,3,2026-08-03 02:47:48.582310,1534.12,409,True,False,0
TXN100265,6,2026-08-03 03:11:42.802782,649.44,322,True,True,0
TXN100561,0,2026-08-03 03:43:16.792490,2144.71,716,True,True,0
TXN100563,2,2026-08-03 03:49:24.325830,816.88,66,True,True,0
TXN102902,10,2026-08-03 03:56:37.605648,396.91,561,True,True,0
TXN102175,9,2026-08-03 04:03:40.718234,344.22,47,True,True,0
TXN104075,0,2026-08-03 04:42:37.004107,2518.87,149,True,True,0
TXN100581,10,2026-08-03 04:49:09.766273,1569.5,254,False,True,0
TXN103438,11,2026-08-03 04:55:47.419975,490.42,290,True,True,0
TXN104022,6,2026-08-03 04:57:12.375353,1455.21,290,True,True,0
TXN100410,2,2026-08-03 05:06:32.764427,1251.54,165,True,True,0
TXN102199,2,2026-08-03 05:20:13.838632,878.59,744,True,True,0
TXN101491,5,2026-08-03 05:38:20.609804,911.37,385,False,True,0
TXN102547,7,2026-08-03 05:40:23.650430,1442.7,82,True,True,0
TXN103868,2,2026-08-03 05:49:17.703269,1216.63,214,True,True,0
TXN100637,3,2026-08-03 05:52:00.666129,2419.95,655,True,True,0
TXN101344,2,2026-08-03 06:03:41.163573,1204.38,79,True,True,0
TXN103267,8,2026-08-03 06:07:19.020869,563.94,603,True,True,0
TXN103792,3,2026-08-03 06:32:53.594753,1576.78,37,True,True,0
TXN102994,9,2026-08-03 06:38:17.815286,344.78,289,True,True,0
TXN104049,5,2026-08-03 06:51:55.355243,1261.59,712,False,True,0
TXN104055,4,2026-08-03 06:52:28.711382,2235.67,28,True,True,0
TXN101527,1,2026-08-03 06:55:56.422015,782.11,223,True,True,0
TXN100957,7,2026-08-03 07:21:50.290549,2178.91,230,True,True,0
TXN104105,5,2026-08-03 07:21:56.376045,1966.05,97,True,True,0
TXN102061,6,2026-08-03 07:24:56.561394,1689.53,536,True,True,0
TXN100839,10,2026-08-03 08:15:14.817409,563.34,221,True,True,0
TXN100316,8,2026-08-03 08:26:34.015219,719.28,265,True,True,0
TXN103274,2,2026-08-03 08:46:41.555576,2163.76,194,True,True,0
TXN102516,8,2026-08-03 08:56:45.616765,723.19,35,True,True,0
TXN101296,3,2026-08-03 09:03:56.440245,515.02,610,True,True,0
TXN103148,11,2026-08-03 09:11:42.188820,571.34,244,True,True,0
TXN103637,5,2026-08-03 09:16:16.546793,1366.67,352,True,True,0
TXN100917,9,2026-08-03 09:23:49.587806,307.32,120,True,True,0
TXN103802,9,2026-08-03 09:32:19.861474,657.26,678,True,True,0
TXN104090,8,2026-08-03 09:59:57.734682,1380.18,583,True,True,0
TXN102291,3,2026-08-03 10:05:25.401443,2430.33,766,True,False,0
TXN101968,10,2026-08-03 10:46:15.815669,930.58,294,True,True,0
TXN102187,3,2026-08-03 11:08:37.409570,2028.41,433,True,True,0
TXN101181,11,2026-08-03 11:20:58.115029,466.19,455,True,True,0
TXN100758,1,2026-08-03 11:26:05.653319,189.79,686,True,True,0
TXN102438,10,2026-08-03 11:27:18.495051,1029.48,206,True,False,0
TXN103436,3,2026-08-03 11:31:18.716948,523.81,96,True,True,0
TXN101506,10,2026-08-03 11:40:09.228715,1023.32,115,True,True,0
TXN101814,10,2026-08-03 12:05:51.714639,801.53,706,True,True,0
TXN103801,6,2026-08-03 12:11:39.081620,883.1,470,True,True,0
TXN101471,8,2026-08-03 12:12:38.645917,774.21,160,True,True,0
TXN100107,7,2026-08-03 12:13:47.903101,1534.24,759,True,True,0
TXN103083,2,2026-08-03 12:14:06.275688,1230.24,69,True,True,0
TXN103721,6,2026-08-03 12:22:24.057433,1332.98,556,True,True,0
TXN102520,5,2026-08-03 12:42:12.462557,1279.89,411,False,True,0
TXN100454,7,2026-08-03 12:47:54.100092,757.39,298,True,True,0
TXN102844,5,2026-08-03 12:54:26.276605,966.13,512,True,True,0
TXN101748,9,2026-08-03 13:45:02.905313,299.75,294,True,True,0
TXN100466,1,2026-08-03 13:48:04.500794,416.8,123,True,True,0
TXN100512,10,2026-08-03 13:49:04.045287,426.86,42,True,True,0
TXN103238,10,2026-08-03 14:07:25.645644,1254.02,11,True,True,0
TXN101220,7,2026-08-03 14:23:11.296746,2951.79,229,True,True,0
TXN104164,8,2026-08-03 14:25:58.503539,454.85,441,True,True,0
TXN101458,3,2026-08-03 14:27:24.734434,721.27,361,True,True,0
TXN101665,4,2026-08-03 14:32:13.380339,569.74,194,True,True,0
TXN102216,5,2026-08-03 14:33:38.534127,284.61,365,True,True,0
TXN103387,8,2026-08-03 14:35:46.441260,1166.73,649,True,True,0
TXN102549,1,2026-08-03 14:58:12.018452,241.31,659,True,True,0
TXN104153,11,2026-08-03 15:03:34.646425,1117.15,754,True,True,0
TXN104061,0,2026-08-03 15:12:21.669507,1611.78,340,True,True,0
TXN103070,5,2026-08-03 15:16:58.042194,861.85,461,True,True,0
TXN102168,11,2026-08-03 15:17:52.306406,1437.1,180,True,True,0
TXN100677,1,2026-08-03 15:21:26.188575,209.71,591,True,True,0
TXN103836,2,2026-08-03 15:36:17.117809,1043.09,53,True,True,0
TXN101447,11,2026-08-03 15:49:16.394442,519.93,638,True,True,0
TXN100127,9,2026-08-03 16:00:08.546254,205.64,578,True,True,0
TXN103381,9,2026-08-03 16:22:17.368425,152.11,7,True,True,0
TXN100880,1,2026-08-03 16:41:56.977031,356.05,442,True,True,0
TXN103142,5,2026-08-03 16:48:38.152166,614.28,475,False,True,0
TXN102945,1,2026-08-03 16:49:30.782109,469.64,722,True,True,0
TXN100789,0,2026-08-03 17:19:57.969591,722.9,15,True,False,0
TXN101146,6,2026-08-03 17:27:29.327124,988.72,50,True,True,0
TXN102933,5,2026-08-03 17:34:49.902145,1038.56,172,True,True,0
TXN103694,4,2026-08-03 18:28:01.536602,149.71,741,True,True,0
TXN103068,1,2026-08-03 18:39:29.619582,160.44,60,True,True,0
TXN103047,9,2026-08-03 18:42:19.137511,340.7,275,True,True,0
TXN100220,1,2026-08-03 18:54:13.025831,381.08,131,True,True,0
TXN101821,9,2026-08-03 18:58:25.889304,207.51,15,True,True,0
TXN101896,6,2026-08-03 19:04:29.804291,1992.81,144,True,True,0
TXN102343,8,2026-08-03 19:15:42.108434,471.23,430,False,True,0
TXN100584,4,2026-08-03 19:41:02.028772,2722.76,759,True,True,0
TXN100950,1,2026-08-03 19:43:17.076381,239.4,272,True,True,0
TXN103153,9,2026-08-03 19:47:47.973091,527.32,570,True,False,0
TXN102619,11,2026-08-03 19:52:47.626718,513.85,555,True,True,0
TXN101906,3,2026-08-03 19:58:06.607573,1778.48,410,True,True,0
TXN101789,9,2026-08-03 20:09:10.469691,354.77,532,False,True,0
TXN104172,6,2026-08-03 20:27:56.016884,527.87,391,True,True,0
TXN102244,8,2026-08-03 20:42:53.710637,147.53,171,True,True,0
TXN103191,8,2026-08-03 20:50:18.507917,618.1,71,True,True,0
TXN102238,5,2026-08-03 20:52:49.795844,752.47,369,True,True,0
TXN103155,10,2026-08-03 21:17:34.774401,1097.9,94,True,True,0
TXN102029,4,2026-08-03 21:21:11.639423,1084.68,422,True,True,0
TXN100436,6,2026-08-03 21:25:34.583613,1154.74,649,True,True,0
TXN102804,2,2026-08-03 21:58:48.240329,1289.15,466,True,True,0
TXN101835,1,2026-08-03 22:42:52.243818,438.19,425,True,False,0
TXN102406,4,2026-08-03 22:59:30.512565,565.64,65,True,True,0
TXN101988,2,2026-08-03 23:04:35.744949,937.38,48,True,True,0
TXN102867,1,2026-08-03 23:10:04.701388,755.38,95,True,True,0
TXN101416,7,2026-08-03 23:11:08.592127,2780.23,162,True,True,0
TXN104081,3,2026-08-03 23:24:33.113693,1232.15,607,True,True,0
TXN103332,2,2026-08-03 23:34:23.208170,2212.17,750,True,True,0
TXN104131,11,2026-08-03 23:55:30.148692,1086.48,423,True,True,0
TXN103308,0,2026-08-04 00:07:01.492429,798.07,198,True,True,0
TXN103504,0,2026-08-04 00:21:37.290827,1202.54,430,True,True,0
TXN103938,8,2026-08-04 00:24:30.072412,656.19,300,True,True,0
TXN101542,1,2026-08-04 00:29:43.730485,662.18,95,True,True,0
TXN101105,2,2026-08-04 01:04:59.176826,2092.25,447,True,True,0
TXN102603,6,2026-08-04 01:16:30.220984,2575.0,288,True,True,0
TXN103429,3,2026-08-04 01:25:18.356167,2358.3,143,True,True,0
TXN103750,6,2026-08-04 01:27:27.916355,829.33,432,True,True,0
TXN101566,11,2026-08-04 01:53:03.139967,1289.23,350,True,False,0
TXN100616,2,2026-08-04 02:00:48.723799,1100.03,602,True,True,0
TXN100419,6,2026-08-04 02:25:55.137323,969.74,736,True,True,0
TXN102409,0,2026-08-04 02:40:31.646454,776.69,449,True,True,0
TXN103101,1,2026-08-04 02:47:56.949943,123.57,748,True,True,0
TXN101345,11,2026-08-04 03:02:31.280259,237.2,113,True,True,0
TXN101723,8,2026-08-04 03:03:38.891257,1180.5,146,True,True,0
TXN102704,0,2026-08-04 03:27:22.149386,2427.6,632,True,True,0
TXN103291,5,2026-08-04 03:51:15.719225,384.8,488,True,True,0
TXN100855,10,2026-08-04 04:03:37.108391,481.71,104,True,True,0
TXN103991,9,2026-08-04 04:08:58.293277,259.12,65,True,True,0
TXN101312,9,2026-08-04 04:10:39.748411,294.74,687,True,True,0
TXN100717,5,2026-08-04 04:16:52.015117,1301.48,720,True,True,0
TXN103545,7,2026-08-04 04:33:25.098632,2825.05,294,True,True,0
TXN100986,7,2026-08-04 04:49:49.467065,1117.11,597,True,True,0
TXN100939,6,2026-08-04 05:02:30.850486,892.92,721,True,True,0
TXN100993,5,2026-08-04 05:48:49.221240,724.0,252,True,True,0
TXN104021,0,2026-08-04 05:50:23.741452,1608.25,95,True,True,0
TXN101656,10,2026-08-04 06:18:26.392670,979.01,394,True,True,0
TXN103759,6,2026-08-04 06:21:40.398180,396.23,433,True,True,0
TXN102344,7,2026-08-04 06:22:24.509188,762.65,128,True,True,0
TXN103113,11,2026-08-04 06:39:02.287813,297.7,360,True,True,0
TXN101670,9,2026-08-04 06:52:57.081539,271.13,41,True,True,0
TXN100598,7,2026-08-04 06:54:41.448628,872.37,629,True,True,0
TXN103343,7,2026-08-04 07:01:34.171307,1035.87,253,True,True,0
TXN100103,0,2026-08-04 07:40:45.157853,753.73,599,True,True,0
TXN103098,2,2026-08-04 07:53:30.872774,1342.49,347,True,True,0
TXN102863,7,2026-08-04 08:20:43.580830,3764.87,192,True,True,0
TXN102624,11,2026-08-04 08:29:14.525393,528.5,697,True,True,0
TXN103127,10,2026-08-04 08:42:25.642412,814.14,121,True,True,0
TXN101010,3,2026-08-04 08:55:13.057069,1038.18,583,True,True,0
TXN100871,2,2026-08-04 08:58:53.203506,507.96,32,True,True,0
TXN100308,3,2026-08-04 09:02:53.605809,3534.3,0,True,True,0
TXN101406,4,2026-08-04 09:19:06.487608,707.31,192,True,True,0
TXN100329,6,2026-08-04 09:34:06.476519,654.22,74,True,False,0
TXN102870,3,2026-08-04 09:37:24.214322,1141.02,335,True,True,0
TXN102893,10,2026-08-04 09:49:46.706858,937.09,771,False,True,0
TXN102659,1,2026-08-04 09:49:56.002226,359.62,243,False,True,0
TXN102440,4,2026-08-04 09:56:19.722409,1833.26,231,True,True,0
TXN101532,11,2026-08-04 10:10:36.892493,534.29,102,True,True,0
TXN102025,5,2026-08-04 10:24:23.056232,3162.09,312,True,True,0
TXN101612,8,2026-08-04 10:27:14.372784,657.53,25,True,True,0
TXN103498,1,2026-08-04 11:20:46.353280,163.94,606,True,True,0
TXN102731,6,2026-08-04 11:28:52.235868,1214.73,280,True,True,0
TXN101418,10,2026-08-04 11:34:26.924780,1330.56,145,True,True,0
TXN102755,10,2026-08-04 11:35:33.869664,546.12,400,True,True,0
TXN101466,7,2026-08-04 11:55:35.906277,1623.33,171,True,True,0
TXN103589,10,2026-08-04 11:57:43.661180,525.45,750,True,True,0
TXN103696,3,2026-08-04 12:04:48.198556,2115.44,463,True,True,0
TXN102093,2,2026-08-04 12:10:04.209578,2079.95,210,True,True,0
TXN102873,2,2026-08-04 12:13:21.219380,1743.63,35,True,True,0
TXN101663,6,2026-08-04 12:14:15.452046,1174.05,709,True,True,0
TXN103262,8,2026-08-04 12:21:14.718910,322.45,306,True,True,0
TXN101346,10,2026-08-04 13:09:51.733147,251.42,547,True,True,0
TXN102515,9,2026-08-04 13:13:24.875187,284.05,666,True,True,0
TXN100387,9,2026-08-04 13:31:27.391010,444.2,624,True,True,0
TXN100610,10,2026-08-04 13:37:23.859270,829.71,278,True,True,0
TXN103665,5,2026-08-04 14:03:26.620528,344.45,207,True,True,0
TXN101067,7,2026-08-04 14:08:08.200444,1829.01,77,True,True,0
TXN100538,6,2026-08-04 14:12:47.991324,1129.5,214,True,True,0
TXN100182,5,2026-08-04 14:20:06.879190,698.13,739,True,True,0
TXN103738,8,2026-08-04 14:23:47.352965,847.25,578,True,True,0
TXN102614,1,2026-08-04 14:32:18.679306,183.79,535,True,True,0
TXN103607,8,2026-08-04 14:35:43.882972,491.37,529,True,True,0
TXN102022,7,2026-08-04 14:37:56.867868,755.58,308,True,True,0
TXN103217,5,2026-08-04 14:49:31.760457,616.04,262,True,True,0
TXN102208,2,2026-08-04 14:50:33.486319,3090.06,597,True,True,0
TXN103428,9,2026-08-04 14:58:09.965907,258.12,287,True,True,0
TXN100433,1,2026-08-04 14:59:18.548599,241.64,423,True,True,0
TXN103770,5,2026-08-04 15:20:03.547250,376.68,552,False,True,0
TXN103365,8,2026-08-04 15:32:03.350555,228.0,781,True,True,0
TXN103552,11,2026-08-04 15:32:19.088921,675.29,717,True,True,0
TXN102335,6,2026-08-04 15:44:47.227991,995.19,318,True,True,0
TXN103071,5,2026-08-04 16:03:18.153170,1245.71,308,False,True,0
TXN102787,0,2026-08-04 16:11:12.784931,3019.32,5,True,True,0
TXN103946,0,2026-08-04 16:19:17.803870,1550.77,263,True,True,0
TXN100172,9,2026-08-04 16:20:33.468804,323.96,650,True,True,0
TXN103249,4,2026-08-04 16:25:20.721223,812.28,540,True,True,0
TXN103165,4,2026-08-04 16:56:24.617631,1270.29,321,True,True,0
TXN100179,6,2026-08-04 17:15:07.617930,1304.17,17,True,True,0
TXN101879,1,2026-08-04 17:16:30.560966,589.94,478,True,True,0
TXN103643,5,2026-08-04 17:20:22.834311,1101.12,277,True,True,0
TXN101032,8,2026-08-04 17:29:33.050432,348.92,523,True,True,0
TXN101858,6,2026-08-04 17:52:34.174420,1422.38,109,True,True,0
TXN100318,11,2026-08-04 18:01:02.382048,548.94,425,True,True,0
TXN102110,3,2026-08-04 18:09:44.968034,1234.44,362,True,True,0
TXN101122,3,2026-08-04 18:14:22.713648,1110.09,285,True,True,0
TXN100175,5,2026-08-04 18:45:53.284784,1873.21,498,True,True,0
TXN101993,7,2026-08-04 18:51:30.152190,2392.24,742,True,True,0
TXN101272,11,2026-08-04 18:56:50.196974,907.32,73,False,True,0
TXN100799,5,2026-08-04 18:57:22.847195,588.56,437,True,True,0
TXN102188,5,2026-08-04 19:08:50.977419,404.42,224,True,True,0
TXN100000,1,2026-08-04 19:12:21.391064,291.51,469,True,True,0
TXN103705,6,2026-08-04 19:36:44.178734,1861.36,11,True,True,0
TXN102112,10,2026-08-04 19:38:30.430428,817.82,741,True,True,0
TXN101809,11,2026-08-04 19:46:43.730960,375.08,547,True,True,0
TXN103045,10,2026-08-04 19:49:42.691676,629.13,342,True,True,0
TXN102273,5,2026-08-04 19:53:28.985844,1027.86,692,True,True,0
TXN101136,8,2026-08-04 19:57:30.175210,866.81,355,True,True,0
TXN100219,10,2026-08-04 19:59:02.632196,869.24,602,True,True,0
TXN101208,3,2026-08-04 19:59:19.843938,1319.78,586,True,True,0
TXN103549,7,2026-08-04 20:02:05.872420,2620.46,444,True,True,0
TXN101911,10,2026-08-04 20:26:28.098299,808.1,259,False,True,0
TXN102859,5,2026-08-04 20:47:55.101815,499.26,3,True,True,0
TXN101956,6,2026-08-04 20:52:32.371625,1221.8,507,True,True,0
TXN101931,5,2026-08-04 21:03:30.934008,1680.0,320,True,True,0
TXN103492,4,2026-08-04 21:16:50.466707,1053.56,52,True,True,0
TXN100994,6,2026-08-04 21:20:50.206156,870.68,596,True,True,0
TXN102835,6,2026-08-04 21:23:52.458516,359.98,479,True,True,0
TXN100319,9,2026-08-04 21:40:17.667959,477.1,300,True,True,0
TXN103881,2,2026-08-04 21:41:14.949106,1873.49,111,True,True,0
TXN101642,5,2026-08-04 21:41:24.151247,1365.38,442,True,True,0
TXN103350,1,2026-08-04 21:48:43.606253,139.75,371,True,True,0
TXN100136,7,2026-08-04 21:56:03.179385,1631.39,641,True,True,0
TXN100526,11,2026-08-04 21:58:07.437941,2091.9,237,True,True,0
TXN101196,8,2026-08-04 22:08:21.814524,280.62,557,True,True,0
TXN103152,2,2026-08-04 22:17:04.996360,2235.32,562,True,True,0
TXN102227,11,2026-08-04 22:18:53.887446,461.12,432,True,True,0
TXN100652,2,2026-08-04 22:22:00.266069,1332.55,5,True,True,0
TXN100453,0,2026-08-04 22:47:34.566867,1439.2,503,True,True,0
TXN101300,9,2026-08-04 23:00:13.220202,178.54,655,True,True,0
TXN102580,4,2026-08-04 23:12:17.069431,542.06,216,True,True,0
TXN103455,10,2026-08-04 23:16:10.261077,970.23,184,True,True,0
TXN103349,9,2026-08-04 23:20:15.562759,669.25,737,True,True,0
TXN103125,10,2026-08-04 23:28:56.853440,728.93,450,True,True,0
TXN100189,3,2026-08-04 23:44:37.243669,2672.33,496,True,True,0
TXN100187,4,2026-08-04 23:49:48.792974,1153.59,286,True,True,0
TXN100392,4,2026-08-04 23:51:28.219023,608.36,178,True,True,0
TXN102302,6,2026-08-05 00:38:19.851526,932.24,691,True,True,0
TXN103553,8,2026-08-05 00:44:17.296127,492.19,756,True,True,0
TXN104000,3,2026-08-05 00:48:39.959029,1902.05,554,True,True,0
TXN101943,0,2026-08-05 00:59:31.710037,717.1,119,True,True,0
TXN103863,7,2026-08-05 01:04:58.233078,2395.25,768,True,True,0
TXN103765,4,2026-08-05 01:10:52.564712,472.65,672,True,True,0
TXN101940,1,2026-08-05 01:37:02.139985,272.53,780,True,True,0
TXNF200038,1,2026-08-05 01:40:09.320667,943.77,774,False,False,1
TXNF200043,1,2026-08-05 01:40:29.210154,1327.97,774,False,False,1
TXNF200048,1,2026-08-05 01:40:57.066043,1580.39,774,False,False,1
TXNF200041,1,2026-08-05 01:41:28.676623,1157.66,774,False,False,1
TXNF200039,1,2026-08-05 01:42:55.098963,1461.27,774,False,True,1
TXNF200046,1,2026-08-05 01:42:59.019752,1175.55,774,False,False,1
TXNF200047,1,2026-08-05 01:42:59.287119,1445.27,774,False,False,1
TXNF200045,1,2026-08-05 01:43:42.441060,1393.08,774,False,False,1
TXNF200044,1,2026-08-05 01:44:20.775665,1281.4,774,False,False,1
TXNF200040,1,2026-08-05 01:44:28.259627,1041.23,774,False,False,1
TXNF200042,1,2026-08-05 01:45:21.354478,1160.8,774,False,True,1
TXN102723,4,2026-08-05 02:01:42.169879,2216.45,659,True,True,0
TXN103275,11,2026-08-05 02:03:20.211175,780.97,5,True,True,0
TXN100210,3,2026-08-05 02:03:27.896961,344.44,373,True,True,0
TXN101104,3,2026-08-05 02:04:14.534085,879.73,780,True,True,0
TXN101766,6,2026-08-05 02:17:31.761609,2977.67,552,True,True,0
TXN100110,3,2026-08-05 02:50:12.549394,1635.43,182,True,True,0
TXNF200022,3,2026-08-05 03:01:44.778714,2075.24,318,False,False,1
TXNF200037,3,2026-08-05 03:04:21.913892,1489.87,25,True,False,1
TXNF200026,3,2026-08-05 03:05:20.641605,1934.4,318,False,False,1
TXNF200027,3,2026-08-05 03:05:25.855550,1856.45,318,False,False,1
TXNF200024,3,2026-08-05 03:07:36.391002,1846.45,25,True,False,1
TXNF200018,3,2026-08-05 03:07:47.011615,1251.96,25,False,False,1
TXNF200025,3,2026-08-05 03:09:10.459062,1941.83,318,False,True,1
TXNF200033,3,2026-08-05 03:09:33.103664,1443.52,25,False,True,1
TXNF200036,3,2026-08-05 03:10:10.136443,1578.44,25,False,True,1
TXNF200023,3,2026-08-05 03:10:19.445319,1275.84,318,False,True,1
TXNF200021,3,2026-08-05 03:10:48.007547,1531.17,25,False,False,1
TXNF200028,3,2026-08-05 03:10:51.027527,1230.92,25,False,True,1
TXNF200020,3,2026-08-05 03:11:44.752480,1231.14,25,False,True,1
TXNF200031,3,2026-08-05 03:12:11.780350,2252.87,25,False,True,1
TXNF200019,3,2026-08-05 03:12:23.818937,1764.74,25,True,False,1
TXNF200030,3,2026-08-05 03:13:29.893624,1621.99,318,False,False,1
TXNF200029,3,2026-08-05 03:13:47.036730,1504.62,25,False,False,1
TXNF200035,3,2026-08-05 03:14:49.066734,1641.15,25,False,False,1
TXN102741,1,2026-08-05 03:16:01.772832,854.05,214,True,True,0
TXNF200032,3,2026-08-05 03:16:16.099785,1931.93,25,False,False,1
TXNF200034,3,2026-08-05 03:16:18.776174,2207.04,25,False,False,1
TXN102469,2,2026-08-05 03:43:14.144121,1224.18,628,True,True,0
TXN103484,4,2026-08-05 04:21:37.106783,497.96,224,True,True,0
TXN104060,1,2026-08-05 04:37:23.152844,153.8,27,False,True,0
TXN100277,9,2026-08-05 04:39:28.191154,121.31,704,False,True,0
TXN100961,4,2026-08-05 04:55:47.276635,1189.07,197,True,True,0
TXN104102,2,2026-08-05 05:01:32.874591,323.9,444,True,True,0
TXN101799,6,2026-08-05 05:16:20.272753,432.38,716,True,True,0
TXN102808,9,2026-08-05 05:25:35.837232,186.09,56,True,True,0
TXN100006,1,2026-08-05 05:35:41.185852,157.28,374,True,True,0
TXN103697,4,2026-08-05 05:44:24.921822,611.07,474,True,True,0
TXN104179,5,2026-08-05 05:50:05.552754,2200.21,394,True,True,0
TXN102248,1,2026-08-05 05:51:48.275201,359.41,473,True,True,0
TXN104187,2,2026-08-05 06:16:46.072445,2033.55,178,True,True,0
TXN100628,6,2026-08-05 06:39:45.947826,849.22,166,True,True,0
TXN100861,11,2026-08-05 06:44:14.509272,1060.89,467,True,True,0
TXN100297,5,2026-08-05 07:11:09.581583,849.45,326,True,True,0
TXN101112,2,2026-08-05 07:18:17.331761,1342.71,651,True,True,0
TXN101330,5,2026-08-05 07:26:57.871959,1368.22,167,True,True,0
TXN101534,9,2026-08-05 07:28:36.171830,681.13,684,False,True,0
TXN102285,9,2026-08-05 07:33:13.734306,306.71,740,True,True,0
TXN101007,6,2026-08-05 07:52:40.984420,464.81,252,True,True,0
TXN100564,10,2026-08-05 08:00:05.787202,676.63,257,True,True,0
TXN103986,3,2026-08-05 08:02:40.168340,1304.16,780,True,True,0
TXN100750,11,2026-08-05 08:05:59.384431,543.96,661,True,True,0
TXN100797,5,2026-08-05 08:11:03.399060,684.73,217,True,True,0
TXN100958,11,2026-08-05 08:20:26.856895,485.61,50,True,True,0
TXN102254,3,2026-08-05 08:21:17.608494,7227.91,515,True,True,0
TXN102426,1,2026-08-05 08:30:08.535939,202.3,349,True,True,0
TXN101640,8,2026-08-05 08:33:52.459785,431.39,412,False,True,0
TXN102098,9,2026-08-05 08:47:18.356508,172.95,502,False,True,0
TXN100271,0,2026-08-05 08:48:32.238583,4350.04,113,True,True,0
TXN101658,10,2026-08-05 08:59:46.458253,1090.02,272,True,True,0
TXN101570,0,2026-08-05 09:05:04.065659,571.83,706,True,True,0
TXN100706,0,2026-08-05 09:08:11.901970,1454.73,456,True,True,0
TXN100048,8,2026-08-05 09:39:11.545500,535.05,246,True,True,0
TXN103093,2,2026-08-05 09:52:25.483422,899.49,679,True,True,0
TXN100710,8,2026-08-05 10:02:52.659036,1808.85,334,True,True,0
TXN100469,11,2026-08-05 10:29:29.696270,651.33,636,True,True,0
TXN101688,11,2026-08-05 10:32:36.977342,1038.35,699,True,True,0
TXN103029,10,2026-08-05 10:32:38.541654,891.55,797,True,True,0
TXN100607,6,2026-08-05 10:36:53.038264,808.34,635,True,True,0
TXN103672,7,2026-08-05 10:42:41.887149,2480.59,367,True,True,0
TXN100236,7,2026-08-05 11:00:56.860024,1142.08,201,True,True,0
TXN101436,5,2026-08-05 11:28:31.746594,1962.13,563,True,True,0
TXN100923,1,2026-08-05 11:48:35.371698,355.13,548,True,True,0
TXN103323,7,2026-08-05 11:55:13.653301,1119.14,33,True,True,0
TXN102656,0,2026-08-05 12:07:24.574236,692.97,699,True,True,0
TXN102713,6,2026-08-05 12:27:25.889508,983.83,752,False,True,0
TXN102280,9,2026-08-05 13:01:43.255322,405.43,204,True,True,0
TXN102376,10,2026-08-05 13:03:35.277110,234.91,81,True,True,0
TXN100882,5,2026-08-05 13:21:59.239520,1251.32,13,False,True,0
TXN101921,6,2026-08-05 13:24:42.289059,581.25,642,True,True,0
TXN102615,8,2026-08-05 13:29:12.369247,1085.87,599,True,True,0
TXN102566,9,2026-08-05 13:29:48.336884,154.96,182,True,True,0
TXN103144,9,2026-08-05 13:32:46.700999,173.77,455,False,True,0
TXN103717,3,2026-08-05 13:35:39.577187,881.73,237,True,True,0
TXN100949,3,2026-08-05 14:09:35.225667,2610.87,677,True,True,0
TXN100428,0,2026-08-05 14:13:47.857769,744.88,712,True,True,0
TXN102666,2,2026-08-05 14:26:24.098151,1062.1,175,True,True,0
TXN102259,11,2026-08-05 14:38:00.532353,445.81,148,True,True,0
TXN100857,0,2026-08-05 14:42:48.765696,576.94,490,True,True,0
TXN102896,7,2026-08-05 14:49:43.464408,2437.93,656,True,True,0
TXN100867,10,2026-08-05 15:10:18.027554,1245.67,703,True,True,0
TXN102415,5,2026-08-05 15:13:31.596625,1128.41,285,True,True,0
TXN100770,7,2026-08-05 15:18:57.959273,1688.93,640,True,True,0
TXN103702,2,2026-08-05 15:57:59.088219,2807.04,761,True,True,0
TXN100631,3,2026-08-05 15:59:35.715776,2041.52,484,True,True,0
TXN103656,6,2026-08-05 16:06:05.768699,1519.0,737,True,True,0
TXN102416,7,2026-08-05 16:12:05.586832,1745.26,547,True,True,0
TXN102649,3,2026-08-05 16:19:22.889420,1190.41,209,True,True,0
TXN100003,5,2026-08-05 16:20:08.545514,1320.9,215,True,True,0
TXN102506,5,2026-08-05 16:25:20.065249,2302.61,28,True,True,0
TXN100249,0,2026-08-05 16:31:56.719302,1397.28,408,True,True,0
TXN103734,3,2026-08-05 16:32:18.501555,1956.67,234,True,True,0
TXN101449,1,2026-08-05 16:44:55.537232,379.89,42,True,True,0
TXN101485,10,2026-08-05 16:51:39.186308,476.75,410,True,True,0
TXN100912,4,2026-08-05 16:52:34.576118,773.2,691,True,True,0
TXN104162,6,2026-08-05 16:59:38.928627,1594.13,675,True,False,0
TXN103163,3,2026-08-05 17:00:46.454909,1914.84,253,True,True,0
TXN103279,8,2026-08-05 17:15:59.608480,465.39,480,True,True,0
TXN102786,3,2026-08-05 17:40:38.769239,1441.18,698,True,True,0
TXN103135,0,2026-08-05 17:53:30.344433,1236.94,732,True,True,0
TXN102981,0,2026-08-05 17:53:46.229337,1713.21,213,False,True,0
TXN103849,2,2026-08-05 17:54:45.335894,1600.22,236,True,True,0
TXN103258,6,2026-08-05 18:16:29.113705,669.77,573,True,True,0
TXN100468,2,2026-08-05 18:29:55.157434,1321.66,543,False,True,0
TXN103000,9,2026-08-05 18:32:20.500991,405.36,571,True,False,0
TXN102514,1,2026-08-05 18:37:39.278356,464.97,10,True,True,0
TXN100683,11,2026-08-05 18:43:51.284329,654.0,225,True,True,0
TXN101197,11,2026-08-05 18:54:16.001443,838.62,693,True,True,0
TXN103128,6,2026-08-05 19:07:33.038073,1355.97,647,True,True,0
TXN102372,0,2026-08-05 19:16:15.577629,1641.32,326,True,True,0
TXN103531,0,2026-08-05 19:24:59.590763,992.38,261,False,True,0
TXN101238,3,2026-08-05 19:34:07.990582,2596.21,164,True,True,0
TXN103599,7,2026-08-05 19:42:45.748330,2941.37,561,True,True,0
TXN102026,7,2026-08-05 20:13:21.573258,1837.98,490,True,True,0
TXN103150,8,2026-08-05 20:14:43.513897,339.03,120,True,True,0
TXN100131,6,2026-08-05 20:27:05.266409,931.71,254,True,True,0
TXN101232,11,2026-08-05 20:38:09.501570,689.55,660,True,True,0
TXN101825,10,2026-08-05 20:45:27.991060,376.37,394,True,False,0
TXN102160,9,2026-08-05 20:47:50.661648,417.85,402,True,True,0
TXN103883,5,2026-08-05 20:48:02.280994,1711.58,546,True,True,0
TXN102270,3,2026-08-05 21:07:59.551776,1039.32,796,True,True,0
TXN103263,10,2026-08-05 21:29:49.457088,899.3,181,True,True,0
TXN103434,2,2026-08-05 21:39:30.722167,836.83,552,True,True,0
TXN103962,7,2026-08-05 21:40:23.283756,1291.73,672,True,True,0
TXN101401,2,2026-08-05 21:58:34.517526,2428.71,330,True,True,0
TXN101384,4,2026-08-05 22:07:08.523686,807.7,607,True,True,0
TXN100085,8,2026-08-05 22:24:44.390393,469.34,10,True,True,0
TXN101467,4,2026-08-05 22:43:34.469847,1582.19,45,False,True,0
TXN101639,3,2026-08-05 22:52:56.960357,2069.36,507,True,True,0
TXN100177,1,2026-08-05 23:07:04.315157,158.33,664,True,True,0
TXN102355,4,2026-08-05 23:11:48.131898,1467.38,304,True,True,0
TXN101160,6,2026-08-05 23:29:05.622413,758.38,206,True,True,0
TXN100019,5,2026-08-05 23:37:55.104926,1689.05,476,True,True,0
TXN103123,7,2026-08-05 23:44:23.874922,1883.16,175,True,True,0
TXN102328,0,2026-08-05 23:47:05.625184,687.21,708,True,True,0
TXN103579,0,2026-08-05 23:57:17.302194,1917.95,713,True,True,0
TXN103215,3,2026-08-06 00:02:33.971170,743.14,694,True,True,0
TXN100856,2,2026-08-06 00:36:24.468997,1374.76,724,True,True,0
TXN103567,1,2026-08-06 00:39:09.561838,79.48,639,True,True,0
TXN103272,7,2026-08-06 01:06:28.601130,2784.44,747,True,True,0
TXN100713,9,2026-08-06 01:15:53.566325,427.72,780,True,True,0
TXN103536,0,2026-08-06 01:25:39.517828,2133.06,405,True,True,0
TXN101274,9,2026-08-06 01:26:55.932745,150.16,426,False,True,0
TXN101845,7,2026-08-06 01:30:54.397538,3504.88,72,True,True,0
TXN101538,8,2026-08-06 01:31:12.482330,1004.42,481,True,True,0
TXN102690,8,2026-08-06 01:33:53.415724,357.33,217,True,True,0
TXN102523,4,2026-08-06 01:41:02.341660,350.63,444,True,True,0
TXN102129,3,2026-08-06 02:09:49.078431,3018.69,1,True,False,0
TXN103666,7,2026-08-06 02:14:08.412659,1811.25,179,True,True,0
TXN100088,9,2026-08-06 02:20:36.318251,197.93,766,True,True,0
TXN100931,8,2026-08-06 03:47:24.561549,264.56,278,True,True,0
TXN100067,4,2026-08-06 04:00:04.405791,681.33,138,True,True,0
TXN102838,2,2026-08-06 04:19:16.795115,1346.62,543,True,True,0
TXN101933,11,2026-08-06 04:37:28.762080,513.73,770,True,True,0
TXN100762,11,2026-08-06 04:42:45.181081,1860.77,337,True,True,0
TXN103037,1,2026-08-06 04:50:31.333565,535.22,661,True,True,0
TXN103069,0,2026-08-06 04:58:08.303790,832.52,217,True,True,0
TXN101017,5,2026-08-06 05:08:54.440238,1136.2,224,True,True,0
TXN103587,8,2026-08-06 05:11:00.527074,714.54,127,True,True,0
TXN100733,9,2026-08-06 05:26:51.377536,451.42,795,True,True,0
TXN102774,6,2026-08-06 05:28:08.047832,1247.59,115,True,True,0
TXN102425,6,2026-08-06 05:28:30.122595,2457.62,384,True,True,0
TXN101545,7,2026-08-06 05:42:01.682109,2460.63,577,True,True,0
TXN103743,5,2026-08-06 05:47:54.959510,764.74,282,True,True,0
TXN103601,7,2026-08-06 05:50:24.358382,2088.94,563,True,True,0
TXN102769,11,2026-08-06 05:57:02.972147,317.11,221,True,True,0
TXN103226,6,2026-08-06 05:57:41.801402,650.97,20,True,True,0
TXN102183,7,2026-08-06 06:07:23.309170,1302.39,319,True,True,0
TXN102744,2,2026-08-06 06:13:10.525867,1189.14,12,False,True,0
TXN102459,0,2026-08-06 07:04:56.568731,1833.26,242,True,True,0
TXN102184,7,2026-08-06 07:07:02.621407,3708.73,327,True,True,0
TXN100284,5,2026-08-06 07:07:04.346231,1473.58,539,True,True,0
TXN101820,3,2026-08-06 07:08:22.093515,1639.07,452,True,True,0
TXN101303,10,2026-08-06 07:15:57.072744,804.23,8,True,True,0
TXN101914,3,2026-08-06 07:27:58.335457,2348.26,248,True,True,0
TXN104089,11,2026-08-06 07:29:01.993313,1716.85,357,False,True,0
TXN103662,11,2026-08-06 07:30:36.204789,541.73,326,True,True,0
TXN104108,6,2026-08-06 08:05:28.971100,559.15,277,True,True,0
TXN103571,10,2026-08-06 08:22:59.341464,863.85,360,False,True,0
TXN101819,3,2026-08-06 08:32:46.546172,1092.25,664,True,False,0
TXN103975,8,2026-08-06 08:36:19.468663,1407.62,635,True,True,0
TXN101156,1,2026-08-06 08:48:55.573281,331.69,494,True,True,0
TXN103698,3,2026-08-06 08:58:54.882375,4177.63,176,False,True,0
TXN102868,10,2026-08-06 09:24:59.461690,903.69,294,False,True,0
TXN102153,6,2026-08-06 09:44:24.226825,2408.42,790,True,True,0
TXN101097,9,2026-08-06 09:52:49.941766,447.25,376,True,True,0
TXN100128,6,2026-08-06 10:04:52.318123,1038.54,300,False,True,0
TXN102070,2,2026-08-06 10:06:26.036658,906.27,234,False,True,0
TXN101062,1,2026-08-06 10:13:29.420717,390.7,400,True,True,0
TXN102793,6,2026-08-06 10:16:20.353343,782.63,653,False,True,0
TXN102747,9,2026-08-06 10:36:40.058400,335.96,156,True,True,0
TXN101514,2,2026-08-06 10:54:15.627905,629.62,155,True,True,0
TXN104140,8,2026-08-06 10:57:45.629843,214.38,14,True,True,0
TXN103427,10,2026-08-06 11:04:30.793615,623.05,794,True,True,0
TXN101103,1,2026-08-06 11:08:08.477067,200.87,495,True,True,0
TXN102888,1,2026-08-06 11:16:23.728024,127.81,120,True,True,0
TXN100499,5,2026-08-06 11:19:22.210231,1785.59,287,True,True,0
TXN102331,10,2026-08-06 11:32:43.815602,714.32,504,True,True,0
TXN101934,1,2026-08-06 11:48:34.437327,169.84,85,True,True,0
TXN104116,0,2026-08-06 11:51:51.271009,1664.13,211,True,True,0
TXN102742,6,2026-08-06 12:09:26.023858,753.6,457,False,True,0
TXN100925,11,2026-08-06 12:16:19.896252,979.33,481,True,True,0
TXN102412,11,2026-08-06 12:18:48.592103,549.05,162,True,True,0
TXN102076,5,2026-08-06 12:29:39.027957,5697.27,746,True,True,0
TXN102953,5,2026-08-06 13:19:05.192377,558.6,81,True,True,0
TXN100940,8,2026-08-06 13:30:50.036613,384.45,539,True,True,0
TXN103648,11,2026-08-06 13:36:19.313162,2570.0,669,True,True,0
TXN103170,7,2026-08-06 13:41:50.428014,1581.73,391,True,True,0
TXN103594,2,2026-08-06 13:47:28.304046,1337.11,602,True,True,0
TXN103651,0,2026-08-06 13:47:44.000222,1086.01,677,True,True,0
TXN103582,2,2026-08-06 14:06:16.993386,805.05,425,True,True,0
TXN102091,3,2026-08-06 14:10:26.244650,1909.15,497,True,True,0
TXN100384,0,2026-08-06 14:20:50.733565,1642.17,552,True,True,0
TXN100889,3,2026-08-06 14:31:30.942514,549.9,376,True,True,0
TXN103442,5,2026-08-06 14:35:33.128684,548.98,665,True,True,0
TXN100373,4,2026-08-06 14:37:59.836942,1354.02,52,True,True,0
TXN100283,5,2026-08-06 14:38:17.044618,2146.8,260,True,True,0
TXN102539,5,2026-08-06 14:50:07.631962,956.12,326,True,True,0
TXN102055,4,2026-08-06 14:52:38.184359,596.02,349,True,True,0
TXN102857,9,2026-08-06 14:54:57.384220,372.15,255,True,True,0
TXN102349,6,2026-08-06 14:58:28.823594,938.94,306,True,True,0
TXN101859,8,2026-08-06 14:58:32.012971,487.52,233,True,True,0
TXN104031,6,2026-08-06 15:02:03.113726,1673.56,95,True,True,0
TXN100109,8,2026-08-06 15:34:44.432734,572.83,659,True,True,0
TXN103013,8,2026-08-06 15:45:00.663505,740.26,434,False,True,0
TXN100608,11,2026-08-06 15:58:34.343415,906.05,312,True,True,0
TXN100634,2,2026-08-06 16:00:11.194096,798.63,67,True,True,0
TXN100280,3,2026-08-06 16:03:38.378231,981.34,292,True,True,0
TXN104076,11,2026-08-06 16:23:53.712964,849.11,455,True,True,0
TXN100157,6,2026-08-06 16:31:41.181308,1064.4,406,True,True,0
TXN101801,5,2026-08-06 16:34:00.079944,1248.13,186,True,True,0
TXN102473,2,2026-08-06 16:36:43.389947,706.69,790,True,True,0
TXN102272,3,2026-08-06 16:39:10.942417,1259.35,694,True,True,0
TXN102402,8,2026-08-06 16:50:45.380309,413.89,174,False,True,0
TXN102013,11,2026-08-06 16:53:47.511339,583.29,66,True,True,0
TXN102316,1,2026-08-06 17:10:59.924909,371.58,63,True,True,0
TXN100782,1,2026-08-06 17:18:43.276116,233.01,93,True,True,0
TXN102230,7,2026-08-06 17:27:18.631684,2233.13,567,True,True,0
TXN103452,5,2026-08-06 17:28:19.703727,2066.25,265,True,True,0
TXN103389,8,2026-08-06 17:28:34.779500,337.1,149,True,True,0
TXN100409,0,2026-08-06 17:45:30.602507,692.57,748,True,True,0
TXN104086,3,2026-08-06 17:48:27.692155,1067.52,132,True,True,0
TXN103994,6,2026-08-06 17:50:05.465026,1768.29,546,True,True,0
TXN102192,3,2026-08-06 17:56:16.850478,2786.67,345,True,True,0
TXN101614,0,2026-08-06 18:03:33.686419,1134.63,352,True,True,0
TXN102374,8,2026-08-06 18:06:25.207073,299.42,798,True,True,0
TXN102474,1,2026-08-06 18:19:20.980600,448.89,504,True,True,0
TXN101958,7,2026-08-06 18:33:43.533617,824.17,670,True,True,0
TXN101044,8,2026-08-06 18:56:48.855265,322.66,248,True,True,0
TXN103307,1,2026-08-06 19:13:47.852215,307.57,268,True,True,0
TXN101001,8,2026-08-06 19:33:44.847149,550.77,385,True,True,0
TXN101098,0,2026-08-06 19:35:58.970247,1529.24,546,True,True,0
TXN103311,4,2026-08-06 19:43:42.935464,817.71,617,True,True,0
TXN101245,11,2026-08-06 20:06:17.623850,551.93,433,True,True,0
TXN100938,5,2026-08-06 20:17:46.395364,467.22,459,True,True,0
TXN101507,5,2026-08-06 20:18:50.179520,1214.82,407,True,True,0
TXN102452,1,2026-08-06 20:29:15.390325,293.45,523,False,True,0
TXN101661,7,2026-08-06 20:46:01.806464,1997.89,291,True,True,0
TXN101675,11,2026-08-06 21:00:15.783864,321.42,338,False,True,0
TXN103088,2,2026-08-06 21:00:33.532814,2418.83,599,True,True,0
TXN100086,1,2026-08-06 21:22:48.056227,458.17,148,True,True,0
TXN103031,3,2026-08-06 21:31:50.000346,2728.94,170,True,True,0
TXN102429,3,2026-08-06 21:35:58.101181,1873.47,507,True,True,0
TXN100662,0,2026-08-06 22:20:21.453083,1001.69,383,True,True,0
TXN101500,6,2026-08-06 22:45:16.181605,2357.77,387,True,True,0
TXN101975,0,2026-08-06 22:58:22.641542,1141.74,794,True,True,0
TXN103811,5,2026-08-06 23:03:10.160874,788.12,633,True,True,0
TXN100535,1,2026-08-06 23:17:32.525084,242.16,243,True,True,0
TXN103747,11,2026-08-06 23:19:42.473039,946.43,296,True,True,0
TXN103542,1,2026-08-06 23:20:01.163904,334.36,197,False,True,0
TXN103410,0,2026-08-06 23:22:05.248065,641.38,343,True,True,0
TXN101076,8,2026-08-06 23:32:20.163955,2206.05,638,True,True,0
TXN100999,6,2026-08-06 23:44:33.538034,881.95,743,True,True,0
TXN100802,6,2026-08-06 23:52:20.403916,2190.38,791,True,True,0
TXN100541,0,2026-08-07 00:24:06.848553,663.68,455,True,True,0
TXN103194,8,2026-08-07 00:34:22.076348,546.02,588,True,True,0
TXN103354,11,2026-08-07 00:36:47.587188,388.04,641,True,True,0
TXN101280,8,2026-08-07 00:52:09.180883,431.34,624,True,True,0
TXN101904,3,2026-08-07 01:10:32.947966,949.99,397,True,True,0
TXN101366,3,2026-08-07 01:50:52.266133,3214.89,495,True,True,0
TXN103178,2,2026-08-07 02:12:56.653233,1853.82,657,True,True,0
TXN104137,3,2026-08-07 02:20:15.397032,1713.68,330,True,True,0
TXN103081,9,2026-08-07 02:27:13.115179,748.7,214,True,True,0
TXN101403,3,2026-08-07 02:30:28.124229,3243.32,713,True,True,0
TXN101841,1,2026-08-07 02:38:04.974883,143.17,736,True,True,0
TXN100732,11,2026-08-07 02:48:11.673738,624.99,433,True,True,0
TXN103848,8,2026-08-07 02:48:54.099774,448.68,97,True,True,0
TXN102196,3,2026-08-07 02:51:49.010914,2788.78,246,True,True,0
TXN103629,9,2026-08-07 02:59:15.941388,471.15,610,True,True,0
TXN104052,9,2026-08-07 03:59:29.433872,192.8,284,True,True,0
TXN102247,2,2026-08-07 03:59:43.624584,1255.91,408,True,True,0
TXN104185,6,2026-08-07 04:00:14.033139,891.91,145,True,True,0
TXN103995,4,2026-08-07 04:07:29.660461,634.41,155,True,True,0
TXN102638,1,2026-08-07 04:20:28.394522,363.47,754,True,True,0
TXN100615,7,2026-08-07 04:37:31.496362,3301.22,596,True,True,0
TXN100391,2,2026-08-07 04:45:59.396013,2022.03,216,True,True,0
TXN103859,5,2026-08-07 04:46:52.830657,539.68,396,True,True,0
TXN103368,5,2026-08-07 04:48:31.521034,1686.02,691,True,True,0
TXN103416,7,2026-08-07 05:02:03.531577,1365.46,90,True,True,0
TXN101041,10,2026-08-07 05:09:23.298254,1009.8,277,True,True,0
TXN100795,3,2026-08-07 05:09:41.118016,764.71,83,True,True,0
TXN102951,6,2026-08-07 05:28:03.542993,639.19,339,True,True,0
TXN101350,0,2026-08-07 05:38:51.132169,1126.63,524,True,True,0
TXN101479,4,2026-08-07 05:52:56.179983,720.44,178,True,True,0
TXN103963,4,2026-08-07 06:10:48.108488,1261.93,174,True,True,0
TXN100821,7,2026-08-07 06:28:26.503773,2301.63,737,True,True,0
TXN101980,7,2026-08-07 06:29:26.627692,1653.99,656,True,True,0
TXN101674,8,2026-08-07 06:32:57.243043,382.24,482,False,True,0
TXN102106,9,2026-08-07 06:42:39.252963,459.09,407,True,True,0
TXN101697,1,2026-08-07 06:50:11.993017,369.82,641,True,True,0
TXN102114,8,2026-08-07 06:50:47.309855,327.09,320,True,True,0
TXN100863,9,2026-08-07 06:59:21.782825,172.52,422,True,True,0
TXN102028,6,2026-08-07 07:22:21.820917,563.79,744,True,True,0
TXN101430,5,2026-08-07 08:12:49.654199,992.1,225,True,True,0
TXN100389,1,2026-08-07 08:16:38.267656,258.85,278,True,True,0
TXN100983,7,2026-08-07 08:18:33.178690,2779.73,624,True,True,0
TXN100995,7,2026-08-07 08:29:09.143921,3212.62,18,True,True,0
TXN102290,4,2026-08-07 08:37:26.094675,565.5,532,True,True,0
TXN102414,4,2026-08-07 08:39:51.247391,999.96,41,True,True,0
TXN102917,11,2026-08-07 08:53:00.883978,302.09,481,True,True,0
TXN100092,10,2026-08-07 09:02:06.050405,461.1,220,True,True,0
TXN100371,7,2026-08-07 09:07:45.982972,1090.14,586,True,True,0
TXN101374,10,2026-08-07 09:21:11.183736,1809.56,303,True,True,0
TXN101352,5,2026-08-07 09:35:12.964524,1624.45,259,True,True,0
TXN103265,7,2026-08-07 09:35:25.216588,2163.38,252,True,True,0
TXN102565,5,2026-08-07 09:50:35.519283,420.21,49,True,True,0
TXN100242,1,2026-08-07 09:53:40.066161,319.96,706,True,True,0
TXN103475,2,2026-08-07 10:00:43.471468,1313.14,532,True,True,0
TXN100606,3,2026-08-07 11:12:31.508136,3267.58,297,True,True,0
TXN101441,6,2026-08-07 11:13:27.836544,931.28,409,True,True,0
TXN101654,1,2026-08-07 11:22:18.088688,365.74,120,True,True,0
TXN101559,10,2026-08-07 11:50:55.047208,669.41,322,True,True,0
TXN103858,3,2026-08-07 11:53:28.854235,872.73,121,True,True,0
TXN100422,9,2026-08-07 12:00:33.535315,517.85,59,False,True,0
TXN102333,9,2026-08-07 12:05:02.084077,204.11,275,True,True,0
TXN103908,2,2026-08-07 12:14:25.559845,1198.24,73,True,True,0
TXN100657,7,2026-08-07 12:27:59.079862,748.68,555,True,True,0
TXN101927,1,2026-08-07 12:30:14.540481,272.88,301,True,True,0
TXN101721,8,2026-08-07 12:33:31.724878,410.91,313,True,True,0
TXN101499,10,2026-08-07 12:48:55.654182,1378.81,254,True,True,0
TXN100216,0,2026-08-07 12:59:15.405209,1097.62,313,True,False,0
TXN100551,4,2026-08-07 13:02:56.893902,819.98,55,True,True,0
TXN104027,5,2026-08-07 13:09:42.518559,856.8,796,True,False,0
TXN101594,8,2026-08-07 13:11:25.146794,485.52,505,True,True,0
TXN103448,7,2026-08-07 13:17:31.627126,1307.2,7,True,True,0
TXN103175,6,2026-08-07 13:30:37.358662,1558.7,183,False,True,0
TXN103073,9,2026-08-07 13:38:37.639568,253.42,240,True,True,0
TXN103709,10,2026-08-07 13:42:50.599336,2459.16,464,True,True,0
TXN102657,3,2026-08-07 13:44:21.569437,1553.7,695,True,True,0
TXN101294,11,2026-08-07 13:47:23.960535,772.25,587,True,True,0
TXN100806,6,2026-08-07 14:01:27.382510,726.63,216,True,True,0
TXN103040,4,2026-08-07 14:09:43.775621,547.19,156,True,True,0
TXN102064,7,2026-08-07 14:10:30.356954,1093.34,598,True,True,0
TXN100990,4,2026-08-07 14:39:08.335755,465.87,199,True,True,0
TXN103901,11,2026-08-07 14:43:48.813464,476.96,43,True,True,0
TXN102967,2,2026-08-07 14:59:50.576673,2298.27,498,True,True,0
TXN101742,5,2026-08-07 15:17:20.804725,1096.93,212,True,True,0
TXN103360,11,2026-08-07 15:21:13.133750,519.66,726,True,True,0
TXN100741,9,2026-08-07 15:37:43.494885,803.34,343,True,True,0
TXN103494,11,2026-08-07 15:51:01.822779,363.17,668,True,False,0
TXN100202,5,2026-08-07 15:53:40.012155,910.12,26,True,True,0
TXN101888,0,2026-08-07 16:01:59.275066,889.23,118,True,True,0
TXN101773,4,2026-08-07 16:21:47.111504,701.86,380,True,True,0
TXN103507,9,2026-08-07 16:34:32.124480,155.06,512,True,True,0
TXN102668,0,2026-08-07 16:51:57.959688,355.62,456,True,True,0
TXN104041,7,2026-08-07 16:58:22.177859,1563.2,545,True,True,0
TXN103077,9,2026-08-07 17:08:36.766953,265.96,625,True,True,0
TXN100467,7,2026-08-07 17:18:12.542236,2014.16,466,True,True,0
TXN100805,9,2026-08-07 18:00:10.110978,134.82,47,False,True,0
TXN101899,4,2026-08-07 18:02:54.327726,730.21,75,True,True,0
TXN102433,3,2026-08-07 18:08:20.556896,1797.27,765,True,True,0
TXN103763,7,2026-08-07 18:21:02.597810,1465.6,10,True,True,0
TXN101946,1,2026-08-07 18:30:32.564991,361.31,143,True,True,0
TXN103781,2,2026-08-07 18:31:07.388493,1988.17,575,True,True,0
TXN100793,9,2026-08-07 18:32:03.857775,285.98,783,False,True,0
TXN101908,0,2026-08-07 18:41:50.855764,2551.96,474,True,True,0
TXN101731,10,2026-08-07 18:45:46.752591,301.43,36,True,True,0
TXN102510,2,2026-08-07 18:54:22.821549,1473.19,770,True,True,0
TXN103936,6,2026-08-07 18:57:37.000751,992.77,96,True,True,0
TXN102434,5,2026-08-07 19:02:25.441181,788.88,251,True,True,0
TXN101228,1,2026-08-07 19:06:51.093044,419.26,685,True,True,0
TXN103979,1,2026-08-07 19:19:54.860185,468.62,108,False,True,0
TXN104125,6,2026-08-07 19:25:29.024982,935.77,405,False,True,0
TXN103222,9,2026-08-07 19:29:54.737617,231.12,645,False,True,0
TXN101399,3,2026-08-07 19:36:01.321530,2037.63,567,True,True,0
TXN101771,4,2026-08-07 19:37:31.426122,1098.98,701,True,True,0
TXN101829,11,2026-08-07 19:54:20.843115,972.87,59,True,True,0
TXN102229,11,2026-08-07 20:08:23.604938,737.96,75,True,True,0
TXN102829,1,2026-08-07 20:15:06.519381,207.28,293,True,True,0
TXN101619,11,2026-08-07 20:37:22.674466,420.49,792,True,True,0
TXN103378,10,2026-08-07 20:47:38.089291,673.07,622,True,True,0
TXN102644,5,2026-08-07 21:17:29.671793,1334.86,566,True,True,0
TXN102377,1,2026-08-07 21:30:48.608735,311.98,185,True,True,0
TXN100097,8,2026-08-07 21:31:04.059417,928.58,784,True,True,0
TXN100645,3,2026-08-07 21:34:24.017786,1553.86,286,True,True,0
TXN101461,3,2026-08-07 21:47:43.888043,1931.74,473,True,True,0
TXN103576,7,2026-08-07 21:55:25.520568,702.69,426,True,True,0
TXN100904,5,2026-08-07 21:58:40.044342,996.73,567,False,True,0
TXN103598,3,2026-08-07 22:03:31.389205,1838.88,246,True,True,0
TXN103748,11,2026-08-07 22:08:38.360528,1105.66,20,True,True,0
TXN101876,2,2026-08-07 22:21:19.369981,1055.45,629,True,True,0
TXN102680,1,2026-08-07 22:27:38.751201,360.59,618,True,True,0
TXN103005,4,2026-08-07 22:33:50.097260,648.06,415,True,True,0
TXN101510,4,2026-08-07 22:45:59.275182,318.65,281,True,True,0
TXN100434,5,2026-08-07 23:35:54.488907,1875.55,92,True,False,0
TXN101357,1,2026-08-07 23:43:08.219769,541.13,55,True,True,0
TXN101378,6,2026-08-07 23:54:48.982678,845.94,226,True,True,0
TXN102667,11,2026-08-08 00:14:19.759032,2180.74,590,True,True,0
TXN100034,10,2026-08-08 00:14:37.698287,1495.3,275,True,True,0
TXN103418,1,2026-08-08 00:16:59.229178,645.47,544,True,True,0
TXN101040,8,2026-08-08 00:17:35.806572,495.42,269,True,True,0
TXN101422,7,2026-08-08 00:31:50.519553,2035.26,377,True,True,0
TXN103896,6,2026-08-08 00:36:09.119166,505.64,215,True,True,0
TXN104184,0,2026-08-08 00:43:24.071321,1230.03,5,True,True,0
TXN102276,2,2026-08-08 00:49:17.127449,2153.35,159,True,True,0
TXN102716,5,2026-08-08 00:56:42.117087,1871.25,646,True,True,0
TXN100181,1,2026-08-08 00:58:08.793619,144.09,612,True,True,0
TXN103756,7,2026-08-08 01:02:56.236678,916.87,304,False,True,0
TXN101225,11,2026-08-08 01:06:38.521879,637.74,429,False,True,0
TXN101805,0,2026-08-08 01:15:58.677668,1099.92,400,True,True,0
TXN103474,3,2026-08-08 01:18:55.010992,869.32,52,True,True,0
TXN102997,4,2026-08-08 01:29:39.745210,505.16,533,False,True,0
TXN103655,5,2026-08-08 01:49:12.116770,1093.2,17,True,True,0
TXN103030,8,2026-08-08 01:54:27.391015,426.96,76,False,True,0
TXN101099,5,2026-08-08 02:04:07.841956,733.84,524,False,True,0
TXN100650,5,2026-08-08 02:14:26.061767,1047.85,140,True,True,0
TXN100963,2,2026-08-08 02:16:55.430740,807.07,260,True,True,0
TXN103415,4,2026-08-08 02:37:11.264296,1150.98,26,True,True,0
TXN103978,6,2026-08-08 02:52:46.921902,520.51,244,True,True,0
TXN100794,5,2026-08-08 02:57:25.616382,649.25,576,False,True,0
TXN103939,6,2026-08-08 03:12:51.418219,229.12,331,True,True,0
TXN103273,4,2026-08-08 03:44:09.609920,963.48,247,True,True,0
TXN101512,8,2026-08-08 04:07:11.793368,531.71,685,True,True,0
TXN101127,7,2026-08-08 04:21:10.398585,1860.76,599,True,True,0
TXN103200,11,2026-08-08 04:36:39.445659,674.53,261,True,True,0
TXN103515,11,2026-08-08 04:55:27.257162,862.86,408,True,True,0
TXN101646,4,2026-08-08 05:03:11.529111,1149.59,253,False,True,0
TXN103362,0,2026-08-08 05:36:50.195872,1145.6,428,True,True,0
TXN102949,6,2026-08-08 05:39:03.880664,1215.56,595,True,True,0
TXN103642,11,2026-08-08 05:48:35.770722,881.71,456,True,True,0
TXN102304,10,2026-08-08 06:08:53.301061,998.65,713,True,True,0
TXN102049,7,2026-08-08 06:11:14.911726,1189.51,772,True,True,0
TXN102884,4,2026-08-08 06:16:46.352252,1255.34,245,True,True,0
TXN101804,1,2026-08-08 06:22:10.834049,421.13,8,True,True,0
TXN101737,1,2026-08-08 06:58:18.709447,284.63,548,True,True,0
TXN101736,6,2026-08-08 07:05:32.744467,701.2,644,True,True,0
TXN100966,7,2026-08-08 07:41:06.675370,2372.13,745,True,True,0
TXN102483,3,2026-08-08 07:44:48.836978,1706.4,572,True,True,0
TXN100432,9,2026-08-08 07:54:56.216327,113.23,83,True,True,0
TXN103816,5,2026-08-08 07:57:59.996273,845.24,62,True,True,0
TXN100625,2,2026-08-08 08:01:45.842944,648.16,247,True,True,0
TXN100274,5,2026-08-08 08:05:16.071962,1544.86,677,True,True,0
TXN100430,1,2026-08-08 08:20:39.443071,959.9,739,True,True,0
TXN103357,10,2026-08-08 08:29:49.295365,632.17,392,True,True,0
TXN104170,4,2026-08-08 08:33:21.559052,730.86,116,True,True,0
TXN103405,4,2026-08-08 08:41:09.054867,709.45,146,True,True,0
TXN102470,10,2026-08-08 08:47:05.343008,830.06,100,True,True,0
TXN103695,7,2026-08-08 08:59:48.951047,5950.54,435,True,True,0
TXN100018,10,2026-08-08 09:01:19.057369,748.12,459,True,True,0
TXN102534,9,2026-08-08 09:24:49.182601,872.13,77,True,True,0
TXN102732,11,2026-08-08 09:39:36.304555,1085.27,190,True,True,0
TXN103206,11,2026-08-08 09:43:04.497969,1237.28,217,True,True,0
TXN103458,10,2026-08-08 09:45:35.444060,1056.55,479,True,True,0
TXN103156,9,2026-08-08 09:48:43.880078,126.1,625,True,True,0
TXN102001,0,2026-08-08 09:54:27.115561,722.1,309,True,True,0
TXN101287,2,2026-08-08 09:55:18.880349,1857.01,537,True,True,0
TXN102575,3,2026-08-08 10:04:39.693422,3406.96,184,True,True,0
TXN103043,6,2026-08-08 10:25:47.045961,895.28,54,True,True,0
TXN100847,0,2026-08-08 10:30:16.955455,1089.7,1,True,True,0
TXN103039,2,2026-08-08 10:40:21.728078,1251.59,48,True,False,0
TXN103898,3,2026-08-08 11:04:16.777536,1540.93,252,True,True,0
TXN101267,4,2026-08-08 11:18:58.536042,320.63,512,True,True,0
TXN100420,11,2026-08-08 11:20:41.014657,671.38,214,True,True,0
TXN101589,0,2026-08-08 11:21:43.410734,1489.01,561,True,True,0
TXN100258,2,2026-08-08 11:24:15.121142,1236.14,189,True,True,0
TXN102491,3,2026-08-08 11:25:30.557931,1907.73,601,True,True,0
TXN101635,6,2026-08-08 11:47:17.659792,994.2,708,True,True,0
TXN101370,10,2026-08-08 11:52:08.302948,899.14,25,True,True,0
TXN103111,9,2026-08-08 12:06:41.580258,976.06,295,True,True,0
TXN100711,6,2026-08-08 12:21:59.993830,1346.32,745,False,True,0
TXN101572,8,2026-08-08 12:22:02.041516,945.08,180,True,True,0
TXN102081,1,2026-08-08 12:27:10.669604,333.17,732,True,True,0
TXN101268,11,2026-08-08 12:33:21.925015,582.75,561,True,True,0
TXN102329,1,2026-08-08 12:34:57.284068,177.78,603,True,True,0
TXN103673,0,2026-08-08 12:40:41.309368,447.36,591,True,True,0
TXN101511,2,2026-08-08 12:58:10.130094,1456.38,337,True,True,0
TXN100692,11,2026-08-08 13:13:08.359944,839.05,383,False,True,0
TXN102180,8,2026-08-08 13:25:05.162822,477.99,386,True,True,0
TXN101012,2,2026-08-08 13:30:41.320933,518.64,688,True,True,0
TXN104044,4,2026-08-08 13:33:29.298186,573.94,127,True,True,0
TXN100617,3,2026-08-08 13:36:28.680268,2621.84,413,True,True,0
TXN100125,6,2026-08-08 13:51:17.588224,1465.9,453,True,True,0
TXN104038,3,2026-08-08 13:54:21.580929,3808.43,733,True,True,0
TXN101598,10,2026-08-08 14:01:27.844423,808.93,438,True,True,0
TXN102359,2,2026-08-08 14:21:04.751436,743.93,521,True,True,0
TXN104010,4,2026-08-08 14:30:23.279733,225.14,66,False,True,0
TXN100588,10,2026-08-08 14:33:13.131478,457.11,608,True,True,0
TXN100504,3,2026-08-08 14:37:51.196878,2015.24,739,True,True,0
TXN103843,3,2026-08-08 14:40:08.822505,2280.45,718,True,True,0
TXN103874,7,2026-08-08 14:56:56.369540,2419.09,796,True,True,0
TXN103837,7,2026-08-08 15:16:14.371877,1643.44,241,True,True,0
TXN100170,1,2026-08-08 15:27:12.688695,188.58,697,True,True,0
TXN103454,9,2026-08-08 15:27:37.667075,206.84,135,True,True,0
TXN102782,9,2026-08-08 15:33:01.015885,464.53,126,True,True,0
TXN103333,10,2026-08-08 15:42:29.793300,286.23,344,True,True,0
TXN101024,9,2026-08-08 15:47:53.720079,550.27,372,True,True,0
TXN101397,7,2026-08-08 15:50:22.229360,923.44,776,True,True,0
TXN103187,4,2026-08-08 15:54:52.238635,1934.94,250,True,True,0
TXN103300,7,2026-08-08 16:21:53.167866,4831.87,239,True,True,0
TXN103022,4,2026-08-08 16:25:17.158139,570.26,679,True,True,0
TXN100192,7,2026-08-08 16:29:06.970461,2016.18,329,False,True,0
TXN103947,4,2026-08-08 16:31:28.820241,1205.6,467,True,True,0
TXN100052,4,2026-08-08 16:35:19.012511,868.56,651,True,True,0
TXN101788,5,2026-08-08 16:45:53.183863,851.1,485,True,True,0
TXN102824,7,2026-08-08 17:08:37.496697,3214.04,776,True,True,0
TXN101387,3,2026-08-08 17:14:30.308807,4205.92,163,False,True,0
TXN100672,7,2026-08-08 17:14:53.841395,1584.53,206,True,True,0
TXN101519,5,2026-08-08 17:16:10.890770,1182.3,359,True,True,0
TXN100448,6,2026-08-08 17:28:00.012739,1524.79,647,True,True,0
TXN100133,6,2026-08-08 17:34:24.116980,915.62,532,True,True,0
TXN103762,6,2026-08-08 17:59:13.285410,3609.6,200,True,True,0
TXN102771,0,2026-08-08 19:06:15.326585,398.16,258,True,True,0
TXN103364,1,2026-08-08 19:17:42.701963,997.48,87,True,True,0
TXN101307,2,2026-08-08 19:45:58.845516,587.15,327,True,True,0
TXN101363,2,2026-08-08 19:47:31.011656,3141.5,101,True,True,0
TXN101863,4,2026-08-08 19:54:02.959904,401.8,512,True,True,0
TXN100605,6,2026-08-08 19:59:56.343006,1440.44,752,False,True,0
TXN102353,5,2026-08-08 20:05:53.654223,1217.12,125,True,True,0
TXN102962,11,2026-08-08 20:09:59.504936,652.91,740,True,True,0
TXN102151,3,2026-08-08 20:31:34.420860,2917.77,639,True,False,0
TXN103025,7,2026-08-08 20:55:51.406389,2075.49,172,True,True,0
TXN102479,1,2026-08-08 20:57:27.671558,421.52,12,True,False,0
TXN103059,3,2026-08-08 20:57:37.483094,1234.7,744,True,True,0
TXN103951,2,2026-08-08 21:04:00.265426,2052.58,201,True,True,0
TXN102109,3,2026-08-08 21:06:03.226244,932.96,784,True,True,0
TXN102720,7,2026-08-08 21:11:29.188189,818.32,329,True,True,0
TXN102135,8,2026-08-08 21:13:32.853424,323.28,226,True,True,0
TXN100040,1,2026-08-08 21:25:22.700953,246.03,495,True,True,0
TXN101154,3,2026-08-08 21:43:50.409922,2629.98,736,True,True,0
TXN102876,7,2026-08-08 21:52:24.710682,1373.07,418,True,True,0
TXN103487,11,2026-08-08 21:59:23.179521,940.83,441,True,True,0
TXN100975,2,2026-08-08 22:10:07.553531,2307.09,195,False,True,0
TXN103301,3,2026-08-08 22:19:18.104366,1210.52,518,True,True,0
TXN101651,0,2026-08-08 22:22:11.358410,1601.66,273,True,True,0
TXN103900,6,2026-08-08 23:04:42.472107,1877.79,93,True,True,0
TXN101831,11,2026-08-08 23:10:24.510710,358.68,324,True,True,0
TXN103340,6,2026-08-08 23:15:30.878140,1817.19,16,True,True,0
TXN102986,8,2026-08-08 23:43:24.419679,521.75,127,True,True,0
TXN104043,1,2026-08-08 23:50:33.149424,610.34,170,True,True,0
TXN100565,2,2026-08-08 23:57:35.257573,1285.58,699,False,True,0
TXN101720,1,2026-08-09 00:04:44.865336,173.07,342,True,True,0
TXN102767,11,2026-08-09 00:06:55.084353,412.71,196,False,True,0
TXN103140,5,2026-08-09 00:12:56.312712,900.76,31,True,True,0
TXN101708,2,2026-08-09 00:25:14.595006,1614.75,403,True,True,0
TXN103944,1,2026-08-09 00:29:27.083320,390.33,715,True,True,0
TXN102467,8,2026-08-09 00:37:15.942079,1188.2,320,True,True,0
TXN103424,7,2026-08-09 00:41:27.227276,1242.1,45,True,True,0
TXN103447,6,2026-08-09 01:16:34.983352,471.84,151,True,True,0
TXN102261,11,2026-08-09 01:25:53.310332,1198.75,63,True,True,0
TXN100760,2,2026-08-09 01:54:26.673696,1159.51,771,True,True,0
TXN102432,1,2026-08-09 02:03:54.946924,108.35,147,True,True,0
TXN103521,3,2026-08-09 02:17:16.994963,1201.9,66,True,True,0
TXN101732,8,2026-08-09 02:19:07.140104,285.82,432,True,True,0
TXN100865,8,2026-08-09 02:29:20.589044,333.63,498,True,True,0
TXN102137,0,2026-08-09 02:37:15.420398,1428.71,113,True,True,0
TXN100115,6,2026-08-09 02:42:39.374463,2944.65,47,False,True,0
TXN101431,2,2026-08-09 02:54:16.041242,2029.67,759,True,True,0
TXN101219,5,2026-08-09 03:09:45.154268,699.57,608,True,True,0
TXN100209,9,2026-08-09 03:34:53.274958,361.1,596,True,True,0
TXN103809,7,2026-08-09 03:37:21.118969,940.04,701,True,True,0
TXN102357,2,2026-08-09 03:41:13.517069,603.67,166,True,True,0
TXN100546,5,2026-08-09 04:08:24.685336,1529.32,9,True,True,0
TXN102221,1,2026-08-09 04:16:31.926186,222.39,434,True,True,0
TXN101680,11,2026-08-09 04:26:15.507991,591.79,144,True,True,0
TXN103290,4,2026-08-09 04:27:26.165197,1270.41,236,True,True,0
TXN100601,9,2026-08-09 04:35:51.837265,277.53,322,False,True,0
TXN100238,3,2026-08-09 04:44:18.965399,1282.37,326,True,True,0
TXN103782,1,2026-08-09 04:45:16.612010,654.95,131,True,True,0
TXN104118,2,2026-08-09 04:56:37.779419,1015.68,777,True,False,0
TXN102258,0,2026-08-09 05:24:21.749036,1155.69,23,True,True,0
TXN100500,1,2026-08-09 05:39:21.114259,198.49,420,True,True,0
TXN101060,9,2026-08-09 06:17:41.620857,447.65,659,False,True,0
TXN100333,9,2026-08-09 06:22:56.818161,245.58,575,True,True,0
TXN100185,5,2026-08-09 06:34:50.605473,603.31,532,True,True,0
TXN101446,11,2026-08-09 06:46:35.819263,354.1,741,True,True,0
TXN102886,11,2026-08-09 06:57:59.866189,469.46,318,True,True,0
TXN101666,9,2026-08-09 06:59:24.600621,481.25,32,True,True,0
TXN104058,2,2026-08-09 07:02:02.781166,1076.75,54,True,True,0
TXN100964,11,2026-08-09 07:26:01.432145,814.83,520,True,True,0
TXN100922,5,2026-08-09 07:27:27.726042,2238.86,311,True,True,0
TXN101336,7,2026-08-09 07:32:28.913711,2692.12,600,True,True,0
TXN101685,6,2026-08-09 07:33:28.645540,885.51,219,True,True,0
TXN101531,0,2026-08-09 07:34:22.679822,880.46,15,True,True,0
TXN103924,7,2026-08-09 07:46:23.175612,1390.9,201,True,True,0
TXN101410,0,2026-08-09 07:50:47.706185,1479.7,690,True,True,0
TXN102817,10,2026-08-09 08:08:04.580058,504.81,207,True,True,0
TXN102113,10,2026-08-09 08:22:25.564538,241.87,736,False,True,0
TXN101754,7,2026-08-09 08:34:30.880007,1533.74,439,True,True,0
TXN100754,6,2026-08-09 09:01:26.820283,1554.27,501,True,True,0
TXN100060,11,2026-08-09 09:02:26.372949,782.97,46,True,True,0
TXN101798,5,2026-08-09 09:12:10.138592,2303.27,310,True,True,0
TXN101535,0,2026-08-09 09:15:44.684614,1769.31,447,True,True,0
TXN101776,3,2026-08-09 09:32:07.768721,1525.15,485,False,True,0
TXN103236,4,2026-08-09 09:41:35.982555,549.11,47,True,True,0
TXN100171,1,2026-08-09 09:54:55.410956,311.67,131,True,True,0
TXN103010,4,2026-08-09 09:59:04.014163,839.32,21,True,True,0
TXN100513,9,2026-08-09 10:18:39.526086,638.34,670,True,True,0
TXN101595,1,2026-08-09 10:32:43.048345,320.2,243,True,True,0
TXN100193,4,2026-08-09 10:35:10.867617,1415.67,36,True,True,0
TXN100118,2,2026-08-09 10:45:40.107936,744.49,431,True,True,0
TXN104064,9,2026-08-09 10:49:13.042790,305.0,447,True,True,0
TXN100195,1,2026-08-09 11:02:16.391442,96.82,639,True,True,0
TXN102934,9,2026-08-09 11:05:34.278654,216.88,216,True,True,0
TXN102330,0,2026-08-09 11:06:30.807209,1235.67,205,True,True,0
TXN103086,2,2026-08-09 11:13:22.849401,1178.76,385,True,True,0
TXN101325,2,2026-08-09 11:44:46.886967,718.41,452,True,True,0
TXN100159,9,2026-08-09 11:53:33.950858,195.56,153,True,True,0
TXN100027,9,2026-08-09 11:59:19.820661,362.0,67,True,True,0
TXN100164,5,2026-08-09 11:59:22.730804,1163.7,21,False,True,0
TXN100461,1,2026-08-09 13:06:56.165321,306.89,439,True,True,0
TXN102700,10,2026-08-09 13:16:55.092957,830.76,199,True,True,0
TXN102939,2,2026-08-09 13:27:55.510717,1381.9,669,True,True,0
TXN102103,1,2026-08-09 13:34:41.844251,303.22,781,True,True,0
TXN103997,10,2026-08-09 14:07:25.047086,747.0,151,True,True,0
TXN100765,9,2026-08-09 14:19:17.200030,214.46,691,True,True,0
TXN102309,6,2026-08-09 14:19:42.366012,1579.72,713,True,True,0
TXN101848,6,2026-08-09 14:33:26.338563,526.87,627,True,True,0
TXN102489,4,2026-08-09 15:04:21.844381,2005.37,588,True,True,0
TXN103592,11,2026-08-09 15:10:58.050583,602.07,314,True,True,0
TXN102274,2,2026-08-09 15:33:29.871187,1084.58,673,True,False,0
TXN100064,4,2026-08-09 15:41:27.834016,1404.3,224,True,True,0
TXN100675,8,2026-08-09 15:45:13.365916,316.27,462,True,True,0
TXN101301,4,2026-08-09 15:48:01.104896,835.53,678,True,True,0
TXN100669,1,2026-08-09 15:49:44.247308,313.78,496,True,True,0
TXN100037,9,2026-08-09 15:59:21.992671,237.18,751,False,True,0
TXN102702,2,2026-08-09 16:00:55.740791,2087.59,205,True,True,0
TXN104152,10,2026-08-09 16:19:05.286429,496.47,511,False,True,0
TXN101715,10,2026-08-09 16:29:24.888251,833.71,779,False,True,0
TXN101250,2,2026-08-09 16:36:50.096132,1892.14,361,True,True,0
TXN101428,3,2026-08-09 16:40:16.463375,1798.2,542,True,True,0
TXN100406,5,2026-08-09 16:41:41.963248,815.75,455,True,False,0
TXN102182,7,2026-08-09 16:46:32.482758,2289.35,310,True,True,0
TXN101113,3,2026-08-09 16:54:00.204006,2180.63,127,True,True,0
TXN102210,8,2026-08-09 16:58:41.289866,399.27,551,True,True,0
TXN100915,5,2026-08-09 17:02:17.305916,968.6,642,True,False,0
TXN103103,5,2026-08-09 17:10:06.123215,1683.92,454,True,True,0
TXN100123,5,2026-08-09 17:24:02.165109,2768.83,371,True,True,0
TXN100104,9,2026-08-09 17:30:43.215819,249.04,42,True,True,0
TXN102234,7,2026-08-09 17:58:22.231068,1622.17,291,True,True,0
TXN102052,4,2026-08-09 17:59:24.927547,1339.96,792,True,True,0
TXN102560,6,2026-08-09 18:00:15.110343,1238.24,16,True,True,0
TXN101373,5,2026-08-09 18:12:06.372778,878.9,201,True,True,0
TXN100176,8,2026-08-09 18:12:15.376931,323.79,53,True,True,0
TXN101716,7,2026-08-09 18:14:59.055969,705.85,544,True,True,0
TXN100636,2,2026-08-09 18:16:25.842646,704.77,747,True,True,0
TXN101337,3,2026-08-09 18:45:25.116192,1115.76,728,True,True,0
TXN103244,8,2026-08-09 18:48:37.541794,692.02,523,True,True,0
TXN101871,2,2026-08-09 18:56:21.209029,2238.93,653,True,True,0
TXN100678,6,2026-08-09 19:14:26.794673,419.47,643,True,True,0
TXN101415,9,2026-08-09 19:29:20.151359,264.08,720,True,True,0
TXN102336,5,2026-08-09 19:57:30.444645,802.66,93,True,True,0
TXN100556,8,2026-08-09 20:15:32.339108,344.31,240,True,True,0
TXN104023,3,2026-08-09 20:17:52.159218,3943.53,693,True,True,0
TXN102660,5,2026-08-09 20:22:09.905142,1781.94,444,True,True,0
TXN102620,10,2026-08-09 20:43:44.247127,484.86,360,True,True,0
TXN102048,9,2026-08-09 21:27:26.082038,445.53,436,True,True,0
TXN100492,9,2026-08-09 21:43:32.798699,515.69,403,False,True,0
TXN103277,2,2026-08-09 21:44:47.415867,1305.72,482,True,True,0
TXN103752,11,2026-08-09 21:59:05.931310,621.41,181,True,True,0
TXN101522,2,2026-08-09 22:09:50.523699,1360.34,451,True,True,0
TXN101419,5,2026-08-09 22:17:53.254579,1568.52,532,True,True,0
TXN103564,9,2026-08-09 22:19:04.791834,884.3,323,True,True,0
TXN101714,7,2026-08-09 22:28:09.034282,694.18,129,True,True,0
TXN103595,3,2026-08-09 22:40:12.712369,1926.1,672,True,True,0
TXN103554,4,2026-08-09 23:02:14.898092,1042.53,357,True,True,0
TXN101576,6,2026-08-09 23:07:07.551781,2343.88,214,True,True,0
TXN100932,3,2026-08-09 23:19:48.616956,5111.9,511,True,True,0
TXN103983,8,2026-08-09 23:22:51.491092,733.91,544,True,True,0
TXN100902,2,2026-08-09 23:26:26.792382,874.0,84,True,True,0
TXN100792,8,2026-08-09 23:47:03.920771,516.03,741,True,True,0
TXN102609,9,2026-08-09 23:59:26.769448,388.95,63,True,True,0
TXN100025,7,2026-08-10 00:27:53.922654,1964.84,680,True,True,0
TXN100996,6,2026-08-10 00:32:49.829914,1126.41,325,True,True,0
TXN100325,2,2026-08-10 00:34:29.183830,461.03,412,True,True,0
TXN101421,11,2026-08-10 00:41:44.141150,1025.52,156,True,True,0
TXN100661,8,2026-08-10 00:50:37.440450,308.18,394,True,True,0
TXN102375,11,2026-08-10 00:53:33.536278,839.72,279,True,True,0
TXN103841,5,2026-08-10 00:57:36.533549,1040.05,690,True,True,0
TXN103679,8,2026-08-10 00:58:41.373053,628.56,421,False,True,0
TXN100698,0,2026-08-10 01:14:08.338497,1700.68,372,True,True,0
TXN103119,10,2026-08-10 01:22:37.354716,403.32,279,True,True,0
TXN103371,2,2026-08-10 01:36:20.252971,915.3,548,True,True,0
TXN101454,6,2026-08-10 01:39:22.469410,1415.99,224,True,True,0
TXN103807,1,2026-08-10 01:53:03.462634,347.33,346,True,False,0
TXN101994,9,2026-08-10 01:53:58.700741,322.63,546,True,True,0
TXN100815,10,2026-08-10 02:13:19.213511,805.23,672,False,True,0
TXN102079,1,2026-08-10 02:13:35.616923,646.46,605,True,True,0
TXN100301,9,2026-08-10 02:26:38.917806,593.13,54,True,True,0
TXN103036,9,2026-08-10 02:27:59.410606,756.58,431,True,True,0
TXN102214,1,2026-08-10 02:46:00.647840,196.82,769,True,True,0
TXN103257,2,2026-08-10 02:48:55.592795,885.76,679,True,True,0
TXN103510,11,2026-08-10 03:07:50.799095,682.12,667,True,True,0
TXN101051,4,2026-08-10 03:16:01.734901,589.74,13,True,True,0
TXN101322,6,2026-08-10 03:19:16.128371,793.83,664,True,True,0
TXN102505,1,2026-08-10 03:36:09.367985,301.93,667,True,True,0
TXN101631,10,2026-08-10 03:43:54.189979,487.22,578,True,True,0
TXN103511,6,2026-08-10 04:14:49.124006,1248.62,535,True,True,0
TXN102235,9,2026-08-10 04:18:27.120465,271.52,217,True,True,0
TXN101288,1,2026-08-10 04:41:21.159541,212.44,747,False,True,0
TXN103019,8,2026-08-10 04:47:35.558118,691.05,488,True,True,0
TXN102895,6,2026-08-10 05:01:14.063956,731.79,340,True,True,0
TXN101355,5,2026-08-10 05:08:08.582313,1017.1,90,True,True,0
TXN104006,3,2026-08-10 05:20:06.829424,818.72,111,True,False,0
TXN102548,5,2026-08-10 05:31:44.514272,726.12,371,True,True,0
TXN102176,1,2026-08-10 05:31:58.524853,207.94,632,True,True,0
TXN104008,2,2026-08-10 05:47:31.805105,1420.71,164,True,True,0
TXN103685,1,2026-08-10 05:49:23.859595,385.9,545,False,False,0
TXN103337,0,2026-08-10 06:17:57.572610,562.57,50,True,True,0
TXN103509,4,2026-08-10 06:33:36.592714,1444.42,749,True,True,0
TXN103017,2,2026-08-10 06:52:18.312899,1291.74,686,True,True,0
TXN102084,1,2026-08-10 07:03:26.915561,133.6,228,True,True,0
TXN100623,5,2026-08-10 07:14:55.533084,1927.81,414,True,True,0
TXN100269,7,2026-08-10 07:25:48.409289,1393.88,786,True,True,0
TXN101135,0,2026-08-10 07:37:15.707153,818.43,58,True,True,0
TXN103814,4,2026-08-10 07:44:51.079421,1468.76,268,True,True,0
TXN100385,1,2026-08-10 07:47:14.100671,243.22,771,True,True,0
TXN103489,8,2026-08-10 08:33:05.089853,444.35,755,True,True,0
TXN100885,8,2026-08-10 08:38:45.733089,269.95,482,True,True,0
TXN100804,8,2026-08-10 09:06:26.411200,644.97,650,True,True,0
TXN102471,1,2026-08-10 09:11:30.828469,201.19,592,True,True,0
TXN101504,7,2026-08-10 09:12:31.262478,2727.24,611,True,True,0
TXN103213,11,2026-08-10 09:29:59.391859,570.47,67,True,True,0
TXN103278,11,2026-08-10 09:48:30.197968,259.14,647,True,True,0
TXN102772,2,2026-08-10 09:53:52.205417,738.7,138,True,True,0
TXN101190,4,2026-08-10 09:58:18.516255,976.59,261,False,True,0
TXN102587,3,2026-08-10 10:14:44.420759,1972.85,188,True,True,0
TXN102132,6,2026-08-10 10:56:32.993032,449.2,516,False,True,0
TXN101892,10,2026-08-10 11:05:49.171483,1129.98,518,True,True,0
TXN100530,7,2026-08-10 11:38:36.137696,1181.17,162,True,True,0
TXN101987,2,2026-08-10 11:40:14.824226,1500.33,279,True,True,0
TXN101170,7,2026-08-10 12:08:49.540540,2341.42,347,True,True,0
TXN102524,0,2026-08-10 12:37:26.619176,866.98,35,True,True,0
TXN101126,10,2026-08-10 12:57:50.751224,458.25,537,True,True,0
TXN100708,5,2026-08-10 13:03:30.557641,933.4,132,True,True,0
TXN100502,11,2026-08-10 13:07:29.053925,885.59,382,True,True,0
TXN101058,5,2026-08-10 13:10:08.674638,1331.12,256,False,True,0
TXN101460,9,2026-08-10 13:12:05.547242,742.35,662,False,True,0
TXN102765,6,2026-08-10 13:16:00.097742,528.13,332,True,True,0
TXN102814,2,2026-08-10 13:16:35.354376,709.4,203,True,True,0
TXN103829,1,2026-08-10 13:26:08.194744,321.93,548,True,True,0
TXN100024,9,2026-08-10 13:36:32.611038,428.21,641,True,True,0
TXN103570,9,2026-08-10 13:44:48.302031,104.66,397,True,True,0
TXN102929,7,2026-08-10 13:57:24.712556,2208.33,78,True,True,0
TXN103766,8,2026-08-10 15:00:58.952723,537.75,737,True,True,0
TXN102618,7,2026-08-10 15:22:53.576582,1306.25,458,True,True,0
TXN103959,2,2026-08-10 15:49:15.948513,629.98,657,True,True,0
TXN102809,2,2026-08-10 15:49:18.979540,730.21,65,True,True,0
TXN101509,8,2026-08-10 16:08:37.529472,357.41,742,True,True,0
TXN102594,3,2026-08-10 16:12:33.275706,993.61,470,True,True,0
TXN100944,1,2026-08-10 16:18:55.326048,460.04,698,True,True,0
TXN103699,9,2026-08-10 16:22:40.287962,284.86,335,True,True,0
TXN102743,11,2026-08-10 16:29:37.588004,535.01,272,True,True,0
TXN102389,10,2026-08-10 16:41:54.789465,928.21,553,True,False,0
TXN100093,4,2026-08-10 16:43:04.990514,1154.94,713,True,True,0
TXN103304,1,2026-08-10 16:53:36.417167,774.68,482,True,True,0
TXN100888,0,2026-08-10 17:09:55.913242,309.88,249,True,True,0
TXN100558,9,2026-08-10 17:14:08.382342,376.7,522,True,True,0
TXN104014,3,2026-08-10 17:15:56.075437,772.16,614,True,True,0
TXN101389,10,2026-08-10 17:19:17.152335,1435.45,56,True,True,0
TXN101684,4,2026-08-10 17:21:35.841209,1576.15,771,True,True,0
TXN103838,11,2026-08-10 17:32:03.282471,760.68,307,True,True,0
TXN101794,5,2026-08-10 17:33:04.351640,1234.13,371,True,True,0
TXN104190,5,2026-08-10 17:58:52.532635,1610.01,188,True,True,0
TXN100100,9,2026-08-10 18:12:16.491060,632.27,793,True,False,0
TXN102015,3,2026-08-10 18:12:36.883740,2772.91,773,True,True,0
TXN101473,2,2026-08-10 18:14:48.004268,1892.09,108,True,True,0
TXN101138,8,2026-08-10 18:15:02.530446,841.62,375,True,True,0
TXN103092,8,2026-08-10 18:31:36.396785,620.51,227,True,True,0
TXN102116,11,2026-08-10 18:41:37.334462,739.6,504,True,True,0
TXN101607,7,2026-08-10 19:14:00.421675,2366.58,366,True,True,0
TXN101222,11,2026-08-10 19:26:03.587866,1215.76,545,True,True,0
TXN103732,4,2026-08-10 19:37:31.741716,912.09,568,True,True,0
TXN102200,4,2026-08-10 19:45:01.898354,648.24,462,True,True,0
TXN103518,8,2026-08-10 20:01:57.548220,285.9,542,True,True,0
TXN101885,2,2026-08-10 20:06:10.558239,854.39,547,True,True,0
TXN100223,2,2026-08-10 20:14:44.073144,1996.98,117,True,True,0
TXN103864,7,2026-08-10 20:41:21.059663,1942.31,649,True,True,0
TXN100918,3,2026-08-10 20:51:07.369718,1814.31,25,True,True,0
TXN102134,5,2026-08-10 20:59:32.475761,1187.81,42,True,True,0
TXN100801,3,2026-08-10 21:11:20.308420,2056.75,675,True,True,0
TXN101130,4,2026-08-10 21:37:48.524007,1397.36,771,True,True,0
TXN101887,4,2026-08-10 21:41:46.059083,796.29,617,True,True,0
TXN102449,2,2026-08-10 21:48:19.235411,1286.31,574,True,True,0
TXN101778,3,2026-08-10 21:52:48.994130,4020.04,766,True,True,0
TXN101396,7,2026-08-10 21:57:22.284957,879.45,78,True,True,0
TXN103578,10,2026-08-10 22:00:08.360524,1657.74,329,True,True,0
TXN103693,3,2026-08-10 22:00:22.533781,1871.9,189,True,False,0
TXN102217,11,2026-08-10 22:15:47.921304,1059.37,340,True,True,0
TXN103583,3,2026-08-10 22:27:21.261352,718.62,125,True,True,0
TXN100245,1,2026-08-10 22:41:23.235171,480.44,308,True,True,0
TXN101270,4,2026-08-10 22:58:43.579062,715.07,547,True,True,0
TXN102218,3,2026-08-10 23:02:24.463108,1263.88,667,True,True,0
TXN102541,11,2026-08-10 23:19:36.732931,418.87,32,True,True,0
TXN100286,1,2026-08-10 23:35:56.235849,433.68,290,True,True,0
TXN103482,9,2026-08-10 23:37:04.186586,555.23,679,True,False,0
TXN100976,1,2026-08-10 23:39:23.733878,299.46,427,True,True,0
TXN103745,11,2026-08-10 23:40:40.539497,1830.94,748,True,True,0
TXN101182,8,2026-08-11 00:04:02.191419,246.69,401,True,True,0
TXN101025,0,2026-08-11 00:04:59.858064,2024.95,116,True,True,0
TXN103818,7,2026-08-11 00:24:35.726613,1729.67,463,True,True,0
TXN101119,5,2026-08-11 00:24:56.700401,1430.48,20,True,True,0
TXN102016,4,2026-08-11 00:30:29.863916,1265.69,333,True,True,0
TXN100465,11,2026-08-11 00:32:50.166759,1262.22,775,True,True,0
TXN103988,4,2026-08-11 00:33:50.538438,2225.52,89,True,True,0
TXN100646,5,2026-08-11 01:03:45.853563,1442.29,34,True,False,0
TXN103827,6,2026-08-11 01:12:06.705325,2769.21,422,True,True,0
TXN100703,2,2026-08-11 01:20:33.742642,1857.05,297,True,True,0
TXN102734,5,2026-08-11 01:24:55.859539,818.67,85,True,True,0
TXN100338,2,2026-08-11 01:27:08.365743,867.06,86,True,True,0
TXN104142,1,2026-08-11 01:30:12.717062,215.79,560,True,True,0
TXN100840,3,2026-08-11 01:43:22.263380,1626.86,96,True,True,0
TXN101131,8,2026-08-11 01:46:21.211531,252.7,579,True,True,0
TXN101957,6,2026-08-11 01:49:50.838073,517.43,618,True,True,0
TXN102674,11,2026-08-11 02:06:09.438097,694.1,363,True,True,0
TXN102852,1,2026-08-11 02:25:36.899749,309.77,137,True,True,0
TXN103716,4,2026-08-11 02:31:16.681161,381.59,674,False,True,0
TXN102712,11,2026-08-11 02:44:51.384399,370.0,290,True,True,0
TXN100971,5,2026-08-11 02:49:40.377542,1086.02,764,True,True,0
TXN103596,4,2026-08-11 02:50:42.704052,930.0,230,True,True,0
TXN100477,0,2026-08-11 02:51:43.848554,928.85,574,False,True,0
TXN103384,9,2026-08-11 02:55:37.058059,367.3,777,True,True,0
TXN100682,11,2026-08-11 03:02:08.219809,562.04,182,True,True,0
TXN100437,11,2026-08-11 03:23:29.220614,1177.13,556,True,True,0
TXN100753,11,2026-08-11 03:41:01.478706,1035.81,416,True,True,0
TXN103680,8,2026-08-11 03:48:16.696885,747.93,328,True,True,0
TXN101853,1,2026-08-11 03:55:12.824696,355.03,183,True,True,0
TXN103646,7,2026-08-11 04:06:15.734986,372.29,213,True,True,0
TXN100700,6,2026-08-11 04:15:54.932451,720.65,467,True,True,0
TXN100663,2,2026-08-11 04:35:54.774307,3085.65,260,True,True,0
TXN102913,2,2026-08-11 04:58:21.374314,2158.72,249,True,True,0
TXN100431,8,2026-08-11 05:01:58.747296,455.79,39,False,True,0
TXN103052,9,2026-08-11 05:07:36.989784,306.67,323,False,True,0
TXN100011,11,2026-08-11 05:46:19.884927,698.73,81,True,True,0
TXN102645,0,2026-08-11 05:50:55.059763,1349.44,740,True,True,0
TXN103912,2,2026-08-11 05:54:11.092627,926.7,186,True,True,0
TXN100075,5,2026-08-11 06:34:55.784266,966.07,708,True,True,0
TXN100621,5,2026-08-11 06:37:11.674525,420.94,569,True,True,0
TXN102472,4,2026-08-11 06:42:39.769679,956.63,393,True,True,0
TXN101713,8,2026-08-11 06:54:37.196084,467.54,212,True,True,0
TXN103488,5,2026-08-11 06:56:15.477403,738.26,703,True,True,0
TXN101456,11,2026-08-11 07:09:36.464162,725.36,111,True,True,0
TXN102526,5,2026-08-11 07:21:56.616123,2194.41,180,False,True,0
TXN101306,3,2026-08-11 07:23:37.586127,739.28,198,True,True,0
TXN101194,6,2026-08-11 07:32:03.451113,861.31,480,True,True,0
TXN102224,4,2026-08-11 07:56:18.775188,1012.31,296,True,True,0
TXN103618,5,2026-08-11 08:13:25.493413,654.04,377,True,True,0
TXN103160,1,2026-08-11 08:22:30.913814,385.71,784,True,True,0
TXN100596,6,2026-08-11 08:24:11.544174,718.48,48,True,True,0
TXN101796,11,2026-08-11 08:28:02.261372,1015.93,108,True,True,0
TXN100893,11,2026-08-11 08:31:15.094397,779.52,599,False,True,0
TXN103207,9,2026-08-11 08:37:51.841710,248.65,25,True,True,0
TXN101413,9,2026-08-11 08:40:17.560485,598.66,143,True,True,0
TXN102366,4,2026-08-11 08:58:28.984853,359.74,512,True,True,0
TXN100451,11,2026-08-11 09:10:00.226433,714.79,64,True,True,0
TXN101781,4,2026-08-11 09:19:01.127594,785.3,497,False,True,0
TXN102891,6,2026-08-11 09:33:52.102571,1061.26,179,True,True,0
TXN100761,6,2026-08-11 09:34:58.589059,2561.24,253,True,True,0
TXN101992,3,2026-08-11 09:52:03.931400,2276.84,617,True,True,0
TXN100234,5,2026-08-11 10:08:36.996852,869.27,471,True,True,0
TXN101216,6,2026-08-11 10:09:10.064944,1497.38,770,True,True,0
TXN103817,9,2026-08-11 10:29:38.024614,330.37,157,True,True,0
TXN102311,0,2026-08-11 10:30:57.958260,511.5,480,True,True,0
TXN100365,6,2026-08-11 10:53:01.698321,476.31,349,True,True,0
TXN102362,11,2026-08-11 10:56:05.644155,354.69,476,True,True,0
TXN101569,11,2026-08-11 11:17:25.479349,652.48,762,True,True,0
TXN103326,1,2026-08-11 11:31:03.249285,156.05,123,True,True,0
TXN103727,6,2026-08-11 11:37:05.134117,817.22,684,True,True,0
TXN102265,1,2026-08-11 12:26:33.079254,796.28,692,True,True,0
TXN103686,1,2026-08-11 12:30:49.329684,373.85,14,True,True,0
TXN104134,11,2026-08-11 12:46:19.149666,761.16,616,True,True,0
TXN101691,10,2026-08-11 13:04:15.255153,625.73,338,True,True,0
TXN102283,9,2026-08-11 13:21:44.014728,415.41,412,True,True,0
TXN102795,10,2026-08-11 13:50:32.444261,311.18,348,True,True,0
TXN102604,9,2026-08-11 13:58:23.541952,228.65,771,True,False,0
TXN100417,1,2026-08-11 14:05:38.911856,354.33,213,True,True,0
TXN104106,1,2026-08-11 14:09:51.587127,126.21,118,True,True,0
TXN102926,7,2026-08-11 14:12:13.997303,1724.52,425,False,True,0
TXN102653,4,2026-08-11 14:59:49.625736,950.28,435,True,True,0
TXN104070,1,2026-08-11 15:25:33.171307,314.59,39,True,True,0
TXN101070,8,2026-08-11 15:59:57.783922,276.06,291,True,True,0
TXN103547,10,2026-08-11 16:07:28.078940,491.17,334,True,True,0
TXN100270,3,2026-08-11 16:19:10.211858,1662.61,630,True,True,0
TXN101873,11,2026-08-11 16:25:14.198989,735.5,7,True,True,0
TXN102882,6,2026-08-11 16:32:21.793847,1217.33,294,True,True,0
TXN100674,7,2026-08-11 16:34:45.427719,3574.75,148,True,True,0
TXN103847,4,2026-08-11 17:32:39.935914,1096.9,80,True,True,0
TXN102245,9,2026-08-11 17:56:37.788054,398.96,499,False,True,0
TXN101108,11,2026-08-11 18:03:02.016231,724.99,447,True,True,0
TXN100920,10,2026-08-11 18:07:58.759024,552.69,116,True,True,0
TXN103563,9,2026-08-11 18:22:05.915860,474.72,182,True,True,0
TXN103806,1,2026-08-11 18:36:22.666306,1080.74,774,True,True,0
TXN102503,1,2026-08-11 18:45:54.809976,438.16,357,True,True,0
TXN100429,8,2026-08-11 18:59:14.389244,835.81,699,True,True,0
TXN100386,0,2026-08-11 19:08:17.826818,891.26,480,True,True,0
TXN100490,11,2026-08-11 19:23:41.782212,587.86,399,True,True,0
TXN103171,11,2026-08-11 19:48:37.829402,457.24,406,True,True,0
TXN103457,0,2026-08-11 19:51:37.692227,728.65,705,True,True,0
TXN100313,3,2026-08-11 19:52:49.610494,1628.04,338,True,True,0
TXN104109,3,2026-08-11 20:00:17.016317,3749.45,333,True,True,0
TXN101664,6,2026-08-11 20:02:50.898333,1153.64,787,False,True,0
TXN102655,6,2026-08-11 20:07:40.535083,258.36,164,True,True,0
TXN101843,10,2026-08-11 20:10:58.091983,410.77,61,False,True,0
TXN102952,11,2026-08-11 20:29:05.551596,550.75,37,True,True,0
TXN101376,11,2026-08-11 20:40:54.578312,727.6,234,True,True,0
TXN100720,1,2026-08-11 20:41:31.573893,333.2,763,True,True,0
TXN100671,7,2026-08-11 20:44:49.785740,1111.43,254,True,True,0
TXN102825,10,2026-08-11 20:58:14.279043,914.17,646,True,True,0
TXN103562,5,2026-08-11 21:01:30.142785,112.86,574,True,True,0
TXN103729,7,2026-08-11 21:02:29.769757,1084.58,392,True,True,0
TXN100775,11,2026-08-11 21:16:50.042645,653.64,726,True,True,0
TXN101592,4,2026-08-11 21:37:09.399400,2144.76,759,True,True,0
TXN101409,3,2026-08-11 21:58:59.871431,828.21,445,True,True,0
TXN100217,1,2026-08-11 22:00:10.793398,552.24,280,True,True,0
TXN100053,5,2026-08-11 22:00:25.903473,1128.07,784,True,True,0
TXN103761,6,2026-08-11 22:03:00.677673,1652.17,650,True,True,0
TXN100447,11,2026-08-11 22:04:06.877626,792.03,96,True,False,0
TXN101483,1,2026-08-11 22:16:54.167750,217.25,370,True,True,0
TXN100748,3,2026-08-11 22:18:44.335321,1220.38,103,True,True,0
TXN102198,6,2026-08-11 22:21:07.723751,1573.51,7,True,True,0
TXN103023,2,2026-08-11 22:21:28.070088,599.3,731,False,True,0
TXN100259,7,2026-08-11 22:23:22.058703,541.27,160,True,True,0
TXN101717,4,2026-08-11 22:29:14.444953,513.08,393,True,True,0
TXN100498,11,2026-08-11 22:50:18.814233,1648.62,572,True,True,0
TXN103533,11,2026-08-11 22:52:12.362973,821.32,534,False,True,0
TXN102301,1,2026-08-11 23:06:04.466150,397.68,351,True,True,0
TXN102477,2,2026-08-11 23:21:26.207450,486.62,226,True,True,0
TXN102118,6,2026-08-11 23:29:13.368658,3311.26,576,True,True,0
TXN101699,11,2026-08-11 23:35:39.823561,688.13,215,True,True,0
TXN102796,10,2026-08-11 23:44:22.027805,930.74,304,True,True,0
TXN101942,10,2026-08-11 23:46:52.634937,874.09,107,True,True,0
TXN103890,6,2026-08-11 23:58:57.797168,1087.97,330,True,True,0
TXN100534,6,2026-08-12 00:32:25.933286,1713.54,703,True,True,0
TXN100906,4,2026-08-12 00:32:41.220603,801.44,11,True,True,0
TXN100169,0,2026-08-12 00:35:22.118614,687.1,46,True,True,0
TXN103922,5,2026-08-12 00:45:07.486179,796.32,498,True,False,0
TXN100344,10,2026-08-12 00:50:26.718920,528.73,405,True,False,0
TXN101381,3,2026-08-12 00:57:10.245287,1290.97,734,True,True,0
TXN103055,5,2026-08-12 01:28:16.227611,1103.61,674,True,True,0
TXN102724,9,2026-08-12 01:34:08.420911,452.75,796,False,True,0
TXN101263,9,2026-08-12 01:44:31.214823,241.96,710,True,True,0
TXN101474,11,2026-08-12 01:53:37.014926,473.15,542,False,True,0
TXN101334,6,2026-08-12 01:54:19.256869,796.32,464,True,True,0
TXN102643,5,2026-08-12 02:04:21.984206,676.78,447,True,True,0
TXN100439,4,2026-08-12 02:07:56.804814,1513.12,748,False,True,0
TXN100953,5,2026-08-12 02:10:29.511574,1224.19,392,True,True,0
TXN102984,8,2026-08-12 02:28:07.920123,806.6,292,True,True,0
TXN101095,0,2026-08-12 02:36:41.094176,1062.56,495,True,True,0
TXN103565,3,2026-08-12 02:38:15.414524,587.49,712,True,True,0
TXN101332,5,2026-08-12 02:41:50.811940,889.45,60,True,False,0
TXN101046,2,2026-08-12 03:12:06.867720,2256.63,216,True,True,0
TXN103449,5,2026-08-12 03:44:41.203313,826.39,534,True,True,0
TXN101998,3,2026-08-12 04:10:49.199789,1163.99,734,True,True,0
TXN103453,4,2026-08-12 04:13:57.318862,1235.35,665,True,True,0
TXN103091,4,2026-08-12 04:15:22.922244,595.51,610,False,True,0
TXN102612,2,2026-08-12 04:21:55.292718,1832.33,27,True,True,0
TXN100352,3,2026-08-12 04:38:12.002517,1161.85,26,True,True,0
TXN101917,5,2026-08-12 04:56:05.029964,847.21,304,True,True,0
TXN102985,7,2026-08-12 04:57:09.646829,2197.81,634,True,True,0
TXN103812,8,2026-08-12 05:06:15.371285,350.57,450,True,True,0
TXN100954,9,2026-08-12 05:13:17.595719,121.92,760,True,False,0
TXN102821,9,2026-08-12 05:15:19.354942,379.46,244,True,True,0
TXN102228,3,2026-08-12 05:16:01.140367,3024.44,750,True,True,0
TXN100899,7,2026-08-12 05:20:26.333713,1807.64,584,True,True,0
TXN102777,10,2026-08-12 05:20:27.763193,320.63,34,True,True,0
TXN103683,6,2026-08-12 05:27:59.242363,705.69,706,True,True,0
TXN100098,7,2026-08-12 05:35:11.752403,2446.29,513,True,True,0
TXN102810,6,2026-08-12 05:39:20.750451,816.49,772,True,True,0
TXN102497,10,2026-08-12 05:41:56.065089,810.44,303,False,True,0
TXN102277,0,2026-08-12 05:46:35.442690,1046.98,585,False,True,0
TXN100135,3,2026-08-12 05:48:07.575843,1216.88,547,True,True,0
TXN102095,9,2026-08-12 05:56:30.863179,174.15,701,True,True,0
TXN100757,4,2026-08-12 06:07:57.327529,1154.07,703,True,True,0
TXN103867,9,2026-08-12 06:09:41.106155,299.96,643,True,True,0
TXN100532,1,2026-08-12 06:25:05.987314,366.85,798,True,True,0
TXN101213,10,2026-08-12 06:25:58.245925,471.15,148,True,True,0
TXN102159,4,2026-08-12 06:35:10.864314,583.12,610,True,True,0
TXN103684,11,2026-08-12 06:59:09.146473,666.2,650,True,True,0
TXN101862,10,2026-08-12 07:02:16.054570,339.49,188,True,True,0
TXN103234,6,2026-08-12 07:16:11.443768,1243.69,784,True,True,0
TXN103712,9,2026-08-12 07:17:25.869770,369.08,444,True,True,0
TXN101817,3,2026-08-12 07:18:25.431987,1873.71,503,True,True,0
TXN100864,10,2026-08-12 07:30:11.166152,591.41,190,True,True,0
TXN101733,10,2026-08-12 07:40:14.560292,1051.46,239,True,True,0
TXN102271,3,2026-08-12 07:41:26.585829,1719.19,5,True,False,0
TXN102139,4,2026-08-12 07:43:15.975455,1648.87,65,True,True,0
TXN102725,7,2026-08-12 08:01:23.891896,752.05,21,True,True,0
TXN101159,4,2026-08-12 08:36:19.471482,935.05,517,True,True,0
TXN101147,9,2026-08-12 08:56:49.472822,481.92,194,True,True,0
TXN102640,2,2026-08-12 09:12:28.234926,1638.54,34,True,True,0
TXN100810,0,2026-08-12 09:13:41.634150,355.25,345,False,True,0
TXN101011,9,2026-08-12 09:14:54.640478,337.39,135,True,True,0
TXN103783,9,2026-08-12 09:23:04.848826,450.59,77,True,True,0
TXN103109,2,2026-08-12 09:28:50.228773,3441.87,509,True,True,0
TXN100843,0,2026-08-12 09:53:46.291777,598.64,364,True,True,0
TXN102567,7,2026-08-12 10:00:36.547805,1138.42,24,True,True,0
TXN100626,4,2026-08-12 10:09:57.832218,491.3,52,True,True,0
TXN102875,6,2026-08-12 10:17:08.166858,1227.18,475,True,True,0
TXN104028,8,2026-08-12 10:19:50.137684,373.77,235,True,True,0
TXN103728,4,2026-08-12 10:40:13.729296,1444.52,58,True,True,0
TXN101092,10,2026-08-12 10:56:06.793165,605.83,129,True,True,0
TXN102697,5,2026-08-12 10:59:33.946130,1177.66,190,False,True,0
TXN102538,6,2026-08-12 11:00:54.133650,1347.32,91,True,True,0
TXN103201,10,2026-08-12 11:09:26.730068,325.31,107,True,True,0
TXN103803,0,2026-08-12 11:11:22.892851,1372.78,322,True,True,0
TXN101515,11,2026-08-12 11:14:54.882994,981.43,714,True,True,0
TXN100638,9,2026-08-12 11:27:23.877601,613.26,606,True,False,0
TXN101459,6,2026-08-12 11:33:35.208684,643.52,587,False,True,0
TXN103048,2,2026-08-12 11:47:18.441729,1829.08,160,True,True,0
TXN100244,7,2026-08-12 11:56:21.630378,2031.09,84,True,True,0
TXN103902,6,2026-08-12 11:58:47.691301,977.19,173,True,True,0
TXN100545,0,2026-08-12 12:08:49.258152,473.52,314,True,True,0
TXN102303,10,2026-08-12 12:23:53.359055,645.3,388,True,True,0
TXN101760,4,2026-08-12 12:35:14.703514,724.26,89,True,True,0
TXN101021,0,2026-08-12 12:36:07.746084,609.94,396,True,True,0
TXN102484,4,2026-08-12 12:39:43.932075,546.5,397,False,False,0
TXN101530,1,2026-08-12 12:49:41.324070,1105.3,276,True,True,0
TXN103568,9,2026-08-12 12:51:56.860124,541.7,359,True,True,0
TXN102155,5,2026-08-12 13:17:02.073821,2280.63,288,True,True,0
TXN100483,9,2026-08-12 13:26:08.815035,142.34,184,True,True,0
TXN100425,2,2026-08-12 13:27:25.904955,1847.42,473,True,True,0
TXN102685,5,2026-08-12 13:53:47.234725,1562.3,130,True,True,0
TXN100474,7,2026-08-12 14:02:17.706465,2443.62,42,True,True,0
TXN102535,11,2026-08-12 14:11:05.598996,1030.5,313,True,True,0
TXN101587,0,2026-08-12 14:31:25.286312,1670.43,289,True,True,0
TXN101048,8,2026-08-12 14:54:38.720991,715.4,567,True,True,0
TXN102043,8,2026-08-12 14:58:56.235859,1009.75,428,True,True,0
TXN100629,4,2026-08-12 15:11:01.950988,1656.78,184,True,True,0
TXN102722,1,2026-08-12 15:24:56.036742,319.72,279,True,True,0
TXN102906,7,2026-08-12 15:36:34.748253,879.07,380,True,True,0
TXN101813,5,2026-08-12 15:38:13.222235,528.38,415,False,True,0
TXN101282,4,2026-08-12 15:47:54.768532,899.52,47,True,True,0
TXN101600,3,2026-08-12 16:18:05.160409,722.59,255,True,True,0
TXN101358,1,2026-08-12 16:45:45.672125,194.86,413,True,True,0
TXN104180,7,2026-08-12 16:52:21.509711,3338.6,460,True,True,0
TXN102818,1,2026-08-12 16:52:57.093046,276.53,507,True,True,0
TXN100229,2,2026-08-12 16:55:49.248797,2200.33,363,True,True,0
TXN102408,5,2026-08-12 17:00:44.374685,1578.34,376,True,True,0
TXN104040,3,2026-08-12 17:04:02.642122,1739.1,765,True,True,0
TXN101341,1,2026-08-12 17:29:40.900177,453.2,40,True,True,0
TXN103426,5,2026-08-12 17:48:54.107383,312.14,604,True,False,0
TXN101834,4,2026-08-12 17:54:58.842227,966.41,346,True,True,0
TXN103566,5,2026-08-12 18:14:46.709445,2165.51,567,True,True,0
TXN101164,6,2026-08-12 18:20:42.626585,493.14,163,True,True,0
TXN101241,9,2026-08-12 18:21:27.231055,431.83,154,True,True,0
TXN100315,7,2026-08-12 18:21:41.599957,1554.27,749,True,True,0
TXN103540,8,2026-08-12 18:27:39.897639,257.89,568,True,True,0
TXN101849,1,2026-08-12 18:30:34.620916,103.86,376,True,True,0
TXN103130,4,2026-08-12 18:39:19.705357,1314.94,419,True,True,0
TXN102785,1,2026-08-12 18:48:58.757050,270.65,280,True,True,0
TXN100518,5,2026-08-12 18:49:35.075576,1200.66,137,True,True,0
TXN101779,8,2026-08-12 19:08:51.239585,505.77,463,False,True,0
TXN101694,1,2026-08-12 19:10:58.713170,130.08,644,True,True,0
TXN103703,10,2026-08-12 19:15:01.877156,655.79,218,True,False,0
TXN104189,10,2026-08-12 19:29:28.360467,771.28,686,True,True,0
TXN100620,5,2026-08-12 19:38:53.747116,1087.14,559,True,True,0
TXN103832,9,2026-08-12 20:01:20.508616,782.66,759,True,True,0
TXN103422,7,2026-08-12 20:07:59.915811,1253.48,397,True,True,0
TXN101605,10,2026-08-12 20:23:49.361811,882.07,792,True,True,0
TXN100364,1,2026-08-12 20:29:29.689159,790.39,691,True,True,0
TXN102683,9,2026-08-12 20:30:06.202041,200.41,349,True,True,0
TXN100354,11,2026-08-12 20:40:38.308603,222.06,617,True,True,0
TXN103305,3,2026-08-12 20:59:48.087090,2319.06,728,True,True,0
TXN100009,1,2026-08-12 21:09:44.094943,326.93,716,True,True,0
TXN102529,6,2026-08-12 21:11:54.122574,1488.81,745,True,True,0
TXN102306,3,2026-08-12 21:12:20.662446,1186.63,680,False,True,0
TXN101153,10,2026-08-12 21:22:04.928724,2111.98,87,True,True,0
TXN101882,2,2026-08-12 21:24:52.584144,458.92,0,True,True,0
TXN103064,8,2026-08-12 21:54:15.376414,504.6,457,True,True,0
TXN101734,10,2026-08-12 21:54:25.363888,674.1,469,True,True,0
TXN104074,3,2026-08-12 22:06:08.393781,3286.8,486,True,True,0
TXN102219,2,2026-08-12 22:09:28.307058,1000.96,0,True,True,0
TXN103385,2,2026-08-12 22:12:20.341968,1112.15,420,True,True,0
TXN102040,3,2026-08-12 22:15:58.122553,2348.87,109,True,False,0
TXN100690,11,2026-08-12 22:17:05.729005,390.61,109,True,True,0
TXN102616,11,2026-08-12 22:18:55.664744,747.66,375,True,True,0
TXN103344,6,2026-08-12 22:21:38.980607,1312.8,594,True,True,0
TXN100355,11,2026-08-12 22:23:02.249873,280.31,790,True,True,0
TXN103183,0,2026-08-12 22:28:44.707546,1282.62,773,True,True,0
TXN103315,10,2026-08-12 22:30:54.935827,1275.27,796,True,True,0
TXN100774,10,2026-08-12 22:31:47.925393,717.69,723,True,True,0
TXN100349,1,2026-08-12 22:39:25.898950,553.63,224,True,True,0
TXN101262,5,2026-08-12 22:47:47.391000,1046.06,289,True,True,0
TXN100908,4,2026-08-12 22:59:50.339360,614.65,768,True,True,0
TXN100129,7,2026-08-12 23:17:32.041474,1943.25,331,True,True,0
TXN102671,10,2026-08-12 23:17:40.482158,467.67,608,True,True,0
TXN103918,0,2026-08-12 23:24:41.844030,1550.65,744,True,True,0
TXN102502,9,2026-08-12 23:24:52.562108,370.61,613,True,True,0
TXN101959,2,2026-08-12 23:36:50.359996,788.55,4,True,True,0
TXN100295,6,2026-08-12 23:44:05.155186,2235.39,222,True,True,0
TXN103904,10,2026-08-12 23:51:15.166768,1482.5,11,True,True,0
TXN100807,1,2026-08-12 23:56:26.729251,185.8,101,True,True,0
TXN101115,5,2026-08-12 23:58:26.516853,618.43,485,True,True,0
TXN100299,0,2026-08-13 00:08:01.199469,3866.77,438,True,True,0
TXN102545,4,2026-08-13 00:19:49.225829,864.25,670,True,True,0
TXN100929,6,2026-08-13 00:25:47.391480,799.89,436,False,True,0
TXN100884,9,2026-08-13 00:29:44.815815,608.11,740,True,True,0
TXN100072,5,2026-08-13 00:30:43.128767,1546.69,568,True,True,0
TXN101468,9,2026-08-13 00:41:01.568537,404.11,596,True,True,0
TXN100955,7,2026-08-13 01:03:57.994544,965.76,196,True,True,0
TXN101624,6,2026-08-13 01:08:23.501686,2002.71,785,True,True,0
TXN102623,11,2026-08-13 01:09:02.057114,644.84,513,True,True,0
TXN100571,4,2026-08-13 01:09:50.242498,698.17,633,True,True,0
TXN102424,4,2026-08-13 01:13:27.822254,701.31,524,True,True,0
TXN100001,9,2026-08-13 01:13:50.435967,548.94,770,True,True,0
TXN101247,5,2026-08-13 01:22:51.912258,928.56,128,True,True,0
TXN101221,6,2026-08-13 01:32:00.981517,516.84,571,True,True,0
TXN101875,1,2026-08-13 01:32:29.629560,336.67,431,True,True,0
TXN101856,4,2026-08-13 01:50:27.628302,702.75,553,True,True,0
TXN101937,6,2026-08-13 01:51:55.612879,1168.92,139,True,True,0
TXN103572,8,2026-08-13 02:13:19.752079,861.35,115,True,True,0
TXN100850,11,2026-08-13 02:20:24.475763,1879.57,513,False,True,0
TXN101753,4,2026-08-13 02:28:41.625376,1795.86,340,True,True,0
TXN102147,11,2026-08-13 02:37:55.578933,937.71,251,True,True,0
TXN103631,6,2026-08-13 02:46:09.451495,1154.63,22,True,True,0
TXN103297,10,2026-08-13 02:47:35.453608,1808.31,459,True,True,0
TXN101743,0,2026-08-13 02:52:30.921613,1037.73,292,True,True,0
TXN102088,3,2026-08-13 03:03:02.598237,1047.74,172,True,True,0
TXN103398,0,2026-08-13 03:04:11.650069,1016.56,94,True,True,0
TXN101372,5,2026-08-13 03:08:36.469538,1065.08,290,True,True,0
TXN104015,1,2026-08-13 03:09:44.137562,211.73,601,True,True,0
TXN101102,11,2026-08-13 03:22:57.850193,521.48,28,True,True,0
TXN100970,3,2026-08-13 03:31:17.172612,2032.91,54,True,True,0
TXN103269,11,2026-08-13 03:51:35.736775,1233.65,328,True,True,0
TXN102211,9,2026-08-13 03:59:56.647430,497.11,778,True,True,0
TXN103285,5,2026-08-13 04:23:44.763762,763.81,648,False,True,0
TXN103736,4,2026-08-13 04:47:48.162525,409.94,262,True,True,0
TXN100883,1,2026-08-13 05:11:25.466667,456.92,16,True,True,0
TXN100343,6,2026-08-13 05:16:29.881919,311.4,417,True,True,0
TXN100456,1,2026-08-13 05:27:52.077201,774.84,375,False,True,0
TXN102869,2,2026-08-13 05:31:43.607914,1013.3,482,True,True,0
TXN101299,0,2026-08-13 05:36:13.973752,1390.01,423,True,True,0
TXN104130,0,2026-08-13 05:38:03.279037,1017.16,350,True,True,0
TXN101824,9,2026-08-13 05:39:11.435477,235.75,357,True,True,0
TXN103361,8,2026-08-13 05:40:20.359368,344.05,630,True,True,0
TXN100590,9,2026-08-13 05:49:35.958428,252.84,274,True,True,0
TXN102468,0,2026-08-13 06:05:19.420639,515.31,592,True,True,0
TXN102739,4,2026-08-13 06:36:05.442605,653.34,749,True,True,0
TXN100213,5,2026-08-13 06:45:38.919141,770.82,448,True,True,0
TXN102442,0,2026-08-13 06:46:04.208850,658.65,765,True,True,0
TXN102563,4,2026-08-13 07:01:06.534959,580.53,735,True,True,0
TXN102990,5,2026-08-13 07:24:24.955880,1004.05,221,True,True,0
TXN103971,11,2026-08-13 07:24:57.970710,610.96,275,True,True,0
TXN100377,8,2026-08-13 07:44:21.263054,298.05,226,True,True,0
TXN103821,0,2026-08-13 07:44:35.029506,1310.67,55,True,True,0
TXN102832,3,2026-08-13 07:45:15.579597,2985.12,727,True,True,0
TXN103177,3,2026-08-13 07:46:51.871551,2364.02,318,True,True,0
TXN102394,5,2026-08-13 07:51:00.505713,1126.39,1,False,True,0
TXN104032,3,2026-08-13 07:54:35.085342,1045.67,262,True,True,0
TXN102591,4,2026-08-13 08:08:10.914782,533.4,623,True,True,0
TXN100350,6,2026-08-13 08:12:07.743789,2009.33,192,True,True,0
TXN101860,8,2026-08-13 08:20:34.458715,755.41,130,True,True,0
TXN104121,11,2026-08-13 08:25:49.072583,797.19,57,True,True,0
TXN101554,5,2026-08-13 08:47:38.556286,887.09,523,True,True,0
TXN100044,0,2026-08-13 09:01:40.054307,1211.86,32,True,True,0
TXN102487,0,2026-08-13 09:03:12.046915,772.78,634,True,True,0
TXN100294,6,2026-08-13 09:10:04.423243,2236.89,330,True,True,0
TXN102756,10,2026-08-13 09:23:01.183846,493.82,288,True,True,0
TXN100694,1,2026-08-13 09:52:31.392899,491.51,767,True,True,0
TXN103392,9,2026-08-13 09:54:44.939998,640.99,169,True,True,0
TXN104147,10,2026-08-13 09:54:58.946508,1136.01,494,True,True,0
TXN101738,0,2026-08-13 10:12:02.769498,1267.47,516,True,True,0
TXN101172,4,2026-08-13 10:15:08.548280,1192.38,336,True,True,0
TXN103627,2,2026-08-13 10:31:16.092838,1074.25,48,True,True,0
TXN100759,8,2026-08-13 10:40:44.879616,486.71,729,True,True,0
TXN101692,7,2026-08-13 10:47:25.445068,943.59,426,False,True,0
TXN103491,7,2026-08-13 10:59:03.745945,2015.77,531,True,True,0
TXN102864,1,2026-08-13 11:17:23.834309,539.05,649,True,True,0
TXN101780,0,2026-08-13 11:32:17.959845,339.38,4,True,True,0
TXN101822,3,2026-08-13 11:36:50.304458,1295.97,460,True,True,0
TXN101495,5,2026-08-13 11:37:43.052881,1450.38,212,True,True,0
TXN102395,7,2026-08-13 11:40:22.471580,2156.97,173,True,True,0
TXN101309,10,2026-08-13 11:41:18.871825,688.28,154,True,True,0
TXN102338,0,2026-08-13 11:52:08.959162,2363.19,413,True,True,0
TXN102435,6,2026-08-13 12:12:36.604960,484.51,66,True,True,0
TXN102733,2,2026-08-13 12:23:45.816341,982.56,725,True,True,0
TXN101947,11,2026-08-13 12:41:38.437978,1002.22,343,True,False,0
TXN104087,11,2026-08-13 12:58:40.858639,394.06,133,True,True,0
TXN103785,6,2026-08-13 13:07:06.061312,1688.73,491,True,True,0
TXN100779,10,2026-08-13 13:07:35.793211,495.73,712,True,True,0
TXN102319,9,2026-08-13 13:13:03.100658,486.31,129,True,True,0
TXN101758,6,2026-08-13 13:18:52.943409,917.65,389,True,False,0
TXN103580,10,2026-08-13 13:19:03.738127,255.8,375,True,True,0
TXN103253,4,2026-08-13 13:32:28.621154,313.34,129,False,True,0
TXN103248,1,2026-08-13 13:47:45.280188,290.87,125,True,True,0
TXN100633,4,2026-08-13 13:48:43.461852,1001.93,89,True,False,0
TXN100896,6,2026-08-13 13:50:30.132713,1005.72,630,True,True,0
TXN103421,9,2026-08-13 14:04:12.528814,880.16,636,True,True,0
TXN100173,8,2026-08-13 14:18:47.741328,308.53,778,True,True,0
TXN102606,6,2026-08-13 14:27:25.127508,815.75,153,True,True,0
TXN102494,5,2026-08-13 14:34:03.137970,540.36,629,True,True,0
TXN102010,5,2026-08-13 14:46:51.740042,670.76,273,True,True,0
TXN100886,0,2026-08-13 14:56:18.470318,1590.26,561,True,True,0
TXN103373,6,2026-08-13 14:57:03.532615,1198.44,327,True,True,0
TXN103640,8,2026-08-13 14:59:50.302296,542.68,152,True,True,0
TXN102621,4,2026-08-13 15:07:02.839132,433.33,520,True,True,0
TXN103233,0,2026-08-13 15:15:14.220278,1486.24,594,True,True,0
TXN101188,6,2026-08-13 15:19:01.502333,1652.82,699,True,True,0
TXN100004,5,2026-08-13 15:23:48.933436,918.48,748,True,True,0
TXN102862,10,2026-08-13 15:34:39.290640,812.23,787,True,True,0
TXN101952,0,2026-08-13 15:49:51.739946,1768.69,303,True,True,0
TXN102803,0,2026-08-13 15:54:33.034109,3200.16,444,True,True,0
TXN101297,8,2026-08-13 15:57:25.303725,539.6,471,True,True,0
TXN102325,9,2026-08-13 16:04:06.524986,371.26,335,True,True,0
TXN101106,2,2026-08-13 16:15:15.818331,1734.01,423,True,True,0
TXN103831,2,2026-08-13 16:22:31.438955,1639.13,335,True,True,0
TXN103813,5,2026-08-13 16:25:27.979633,1922.41,643,True,True,0
TXN101615,2,2026-08-13 16:30:50.043569,895.39,130,False,True,0
TXN101641,0,2026-08-13 16:49:09.630364,997.18,737,False,True,0
TXN102332,3,2026-08-13 16:57:30.737878,1263.46,386,True,True,0
TXN100427,9,2026-08-13 17:23:41.733879,497.05,144,True,True,0
TXN101912,0,2026-08-13 18:11:36.087169,960.35,724,True,True,0
TXN102017,8,2026-08-13 18:12:00.573886,503.71,182,True,True,0
TXN100537,1,2026-08-13 18:40:52.796858,304.17,125,True,True,0
TXN100408,11,2026-08-13 18:52:06.259564,952.02,137,True,True,0
TXN101367,5,2026-08-13 19:15:58.273890,854.29,330,True,True,0
TXN102046,5,2026-08-13 19:22:22.651608,1339.4,588,True,True,0
TXN103252,1,2026-08-13 19:24:39.143607,617.97,405,True,True,0
TXN102373,4,2026-08-13 20:05:12.028240,409.21,543,True,True,0
TXN104048,4,2026-08-13 20:21:20.304259,579.67,7,True,True,0
TXN101266,0,2026-08-13 20:52:54.074527,1071.57,162,True,True,0
TXN102179,5,2026-08-13 21:40:57.356762,1132.05,478,True,True,0
TXN102173,9,2026-08-13 21:49:28.386314,325.82,365,True,True,0
TXN102441,0,2026-08-13 21:55:26.983510,1586.04,645,True,True,0
TXN102138,6,2026-08-13 22:17:42.382623,2943.08,185,True,True,0
TXN100332,3,2026-08-13 22:20:07.421638,1454.13,101,True,True,0
TXN100374,10,2026-08-13 22:25:17.026642,647.73,426,True,True,0
TXN100642,10,2026-08-13 22:50:03.961738,165.27,137,True,True,0
TXN102955,11,2026-08-13 22:59:26.616912,482.09,42,True,True,0
TXN101761,4,2026-08-13 23:07:39.956543,1261.66,138,True,True,0
TXN104151,6,2026-08-13 23:10:50.141712,1015.35,785,True,True,0
TXN102480,7,2026-08-13 23:20:38.615343,1801.21,464,True,True,0
TXN102920,3,2026-08-13 23:32:08.934911,1965.62,491,False,True,0
TXN101486,1,2026-08-14 00:13:09.335354,175.77,278,True,True,0
TXN102066,8,2026-08-14 00:24:31.273754,330.24,332,True,True,0
TXN101265,0,2026-08-14 00:28:42.203672,1100.72,2,True,True,0
TXN101792,4,2026-08-14 00:29:40.731405,827.35,448,True,True,0
TXN100421,8,2026-08-14 00:29:44.291527,511.13,526,True,False,0
TXN102202,0,2026-08-14 00:57:13.117896,1294.07,10,True,True,0
TXN102706,8,2026-08-14 01:23:12.995719,128.76,396,True,True,0
TXN100190,8,2026-08-14 01:28:12.001856,268.23,591,True,True,0
TXN101597,8,2026-08-14 01:31:24.045049,390.86,217,True,True,0
TXN104155,2,2026-08-14 01:50:56.507902,2582.38,225,True,True,0
TXN103871,1,2026-08-14 02:02:26.039839,181.4,112,True,True,0
TXN101521,8,2026-08-14 02:05:35.011636,290.4,209,True,True,0
TXN102781,11,2026-08-14 02:27:42.161349,1116.2,17,True,True,0
TXN101709,2,2026-08-14 02:36:13.481379,2119.9,169,True,True,0
TXN100298,3,2026-08-14 02:40:00.097640,2026.33,546,False,False,0
TXN101026,0,2026-08-14 02:47:25.725688,781.87,258,True,True,0
TXN103146,7,2026-08-14 03:04:45.242039,2580.47,215,True,True,0
TXN100707,6,2026-08-14 03:18:32.155649,902.36,22,False,True,0
TXN103893,2,2026-08-14 03:29:11.127154,595.68,577,True,True,0
TXN101700,3,2026-08-14 03:30:59.370343,2860.32,188,True,True,0
TXN100382,11,2026-08-14 03:50:34.830216,565.36,147,True,True,0
TXN102754,11,2026-08-14 04:01:19.681087,356.9,513,True,True,0
TXN101893,8,2026-08-14 04:15:24.806976,353.75,271,True,True,0
TXN101198,9,2026-08-14 04:15:55.016129,758.75,534,True,True,0
TXN101349,7,2026-08-14 04:27:34.770893,1025.26,435,True,True,0
TXN100627,4,2026-08-14 04:32:49.309815,797.44,7,True,True,0
TXN104146,4,2026-08-14 04:39:49.007417,1509.64,324,True,True,0
TXN103271,4,2026-08-14 04:42:30.449067,1225.28,585,True,False,0
TXN104158,2,2026-08-14 04:44:09.323709,1795.88,496,True,True,0
TXN101953,5,2026-08-14 04:57:11.177998,862.84,774,True,True,0
TXN101278,0,2026-08-14 04:59:45.463331,1612.09,363,True,True,0
TXN100296,10,2026-08-14 05:03:34.909781,419.61,401,True,True,0
TXN102488,6,2026-08-14 05:05:20.826263,1219.69,151,True,True,0
TXN100496,1,2026-08-14 05:37:22.711748,325.23,647,True,True,0
TXN100233,9,2026-08-14 06:04:35.391350,262.96,112,True,True,0
TXN101850,0,2026-08-14 06:22:15.746340,965.04,15,True,True,0
TXN101493,3,2026-08-14 06:32:49.360126,2131.14,315,True,True,0
TXN102020,3,2026-08-14 06:36:36.728052,1578.03,291,True,True,0
TXN101052,6,2026-08-14 06:38:49.249184,944.41,612,True,False,0
TXN100714,11,2026-08-14 06:46:13.927726,428.83,695,True,True,0
TXN101944,4,2026-08-14 06:52:31.257075,1474.7,140,False,True,0
TXN102568,4,2026-08-14 06:57:00.663740,456.77,35,True,True,0
TXN101869,9,2026-08-14 07:07:37.597789,413.21,703,True,True,0
TXN100197,1,2026-08-14 07:11:52.363510,340.57,99,True,True,0
TXN102910,1,2026-08-14 07:23:38.079083,233.09,95,True,True,0
TXN103439,9,2026-08-14 07:25:30.265165,351.71,313,True,True,0
TXN100148,9,2026-08-14 07:26:50.169805,824.58,71,True,True,0
TXN102233,1,2026-08-14 07:43:10.089229,735.31,452,True,False,0
TXN102339,1,2026-08-14 08:01:11.426884,305.01,101,True,True,0
TXN102688,7,2026-08-14 08:12:16.576000,872.07,173,True,True,0
TXN103621,2,2026-08-14 08:20:47.882633,2644.41,176,True,False,0
TXN102714,6,2026-08-14 08:22:31.817654,1035.83,432,True,True,0
TXN103941,3,2026-08-14 08:48:01.814104,964.95,590,True,True,0
TXN103689,2,2026-08-14 08:54:28.393916,794.49,380,True,True,0
TXN103839,11,2026-08-14 09:06:00.541995,1678.32,355,True,True,0
TXN101962,1,2026-08-14 09:13:16.899634,436.53,593,True,True,0
TXN102172,11,2026-08-14 09:13:41.092499,795.96,39,True,True,0
TXN100247,4,2026-08-14 09:40:43.536941,1631.83,13,True,True,0
TXN100051,2,2026-08-14 09:44:44.619442,1268.05,661,True,True,0
TXN100903,10,2026-08-14 09:45:27.610326,1908.43,635,False,True,0
TXN100755,5,2026-08-14 09:59:11.033245,468.88,366,True,True,0
TXN101187,7,2026-08-14 09:59:23.898247,882.74,661,True,True,0
TXN102097,10,2026-08-14 10:02:40.597537,902.31,736,True,True,0
TXN104002,0,2026-08-14 10:07:06.150642,1562.21,35,True,True,0
TXN100952,7,2026-08-14 10:09:40.226271,3023.62,28,True,False,0
TXN102279,8,2026-08-14 10:13:17.083963,366.1,581,True,True,0
TXN104013,5,2026-08-14 10:14:13.692406,2826.02,479,True,True,0
TXN100250,2,2026-08-14 10:14:47.583292,1475.95,762,True,True,0
TXN100739,10,2026-08-14 10:17:21.818915,450.6,755,True,True,0
TXN102833,6,2026-08-14 10:22:56.969854,1189.47,153,False,True,0
TXN100460,8,2026-08-14 10:31:36.677294,681.48,253,True,True,0
TXN101328,8,2026-08-14 10:59:49.701315,287.01,452,True,False,0
TXN103722,9,2026-08-14 11:19:20.465261,214.79,497,True,True,0
TXN101163,6,2026-08-14 11:31:18.746816,1387.09,192,True,True,0
TXN101784,8,2026-08-14 11:39:01.012816,322.99,704,True,True,0
TXN104067,5,2026-08-14 11:40:55.377259,1582.35,274,True,True,0
TXN101644,1,2026-08-14 11:48:56.919996,276.55,422,True,True,0
TXN101137,4,2026-08-14 11:59:53.706620,706.25,407,True,True,0
TXN100293,3,2026-08-14 12:01:32.960052,2917.4,15,True,True,0
TXN102512,11,2026-08-14 12:10:42.004313,210.05,751,True,True,0
TXN103776,6,2026-08-14 12:14:56.393980,886.59,523,True,True,0
TXN103220,8,2026-08-14 12:38:33.033040,585.67,135,True,True,0
TXN101610,9,2026-08-14 12:45:59.069672,909.12,313,True,True,0
TXN100901,0,2026-08-14 12:53:20.485239,2206.53,740,True,True,0
TXN101009,6,2026-08-14 13:25:13.649062,1921.74,145,True,True,0
TXN104178,5,2026-08-14 13:52:01.913937,1870.55,608,True,True,0
TXN100166,3,2026-08-14 13:56:24.411153,929.86,390,True,True,0
TXN104167,2,2026-08-14 14:08:57.891053,1169.07,544,True,False,0
TXN101234,7,2026-08-14 14:48:00.210237,1922.51,500,True,True,0
TXN103001,8,2026-08-14 14:49:16.517099,167.93,749,True,True,0
TXN101293,0,2026-08-14 14:51:30.296749,654.87,470,True,True,0
TXN101286,10,2026-08-14 14:54:51.519503,852.78,787,True,True,0
TXN103230,10,2026-08-14 15:11:19.293026,1435.48,192,True,True,0
TXN100005,10,2026-08-14 15:24:06.262250,582.46,116,True,True,0
TXN102935,2,2026-08-14 15:27:16.614030,1080.21,735,False,True,0
TXN104139,6,2026-08-14 15:49:14.669465,987.99,710,True,True,0
TXN104099,4,2026-08-14 16:16:43.620393,1844.91,154,True,True,0
TXN103085,4,2026-08-14 16:30:24.189584,1856.93,684,True,True,0
TXN104051,4,2026-08-14 16:51:21.588458,426.77,315,False,True,0
TXN103996,0,2026-08-14 17:03:28.321085,705.53,560,True,True,0
TXN102167,10,2026-08-14 17:06:11.151192,427.45,94,True,True,0
TXN101772,4,2026-08-14 17:10:19.759248,768.19,476,True,True,0
TXN102663,5,2026-08-14 17:31:18.532671,1191.71,423,True,True,0
TXN101647,7,2026-08-14 17:32:14.912208,1655.87,322,True,True,0
TXN101305,8,2026-08-14 17:34:35.725668,426.45,493,True,True,0
TXN100138,4,2026-08-14 17:52:18.129630,1113.72,731,True,True,0
TXN101703,2,2026-08-14 17:53:10.617346,1954.05,240,True,True,0
TXN104065,4,2026-08-14 18:02:28.013703,766.76,549,True,True,0
TXN103329,11,2026-08-14 18:06:38.359238,820.7,261,True,True,0
TXN101553,7,2026-08-14 18:21:34.703409,2121.16,160,True,True,0
TXN100070,9,2026-08-14 18:31:24.741917,284.28,599,True,True,0
TXN102681,1,2026-08-14 18:56:49.409448,463.18,301,True,True,0
TXN104195,5,2026-08-14 19:02:44.229260,764.46,411,False,True,0
TXN101965,8,2026-08-14 19:12:59.376849,262.68,602,True,True,0
TXN100108,5,2026-08-14 19:18:15.974590,551.38,669,True,True,0
TXN100830,2,2026-08-14 19:36:41.038414,670.95,208,True,True,0
TXN102044,3,2026-08-14 19:39:42.916077,1617.65,99,True,False,0
TXN102161,2,2026-08-14 19:51:57.901357,1498.93,729,True,True,0
TXN101077,1,2026-08-14 20:11:45.166458,283.65,500,False,True,0
TXN101284,4,2026-08-14 20:12:17.907303,520.37,594,True,True,0
TXN102776,6,2026-08-14 20:17:59.665498,617.56,561,True,True,0
TXN103116,7,2026-08-14 20:28:37.751037,1712.47,787,False,True,0
TXN100095,3,2026-08-14 20:36:34.247441,1227.88,69,True,True,0
TXN101672,3,2026-08-14 20:51:34.501972,3449.69,319,False,True,0
TXN101501,3,2026-08-14 21:03:16.669708,2281.27,679,True,True,0
TXN100360,10,2026-08-14 21:04:43.688231,1218.32,588,True,True,0
TXN103969,7,2026-08-14 21:07:58.954062,1532.68,64,True,True,0
TXN100134,9,2026-08-14 21:11:21.769157,225.66,24,True,True,0
TXN103007,5,2026-08-14 21:20:08.242135,2637.56,407,True,True,0
TXN103397,11,2026-08-14 21:33:50.238204,417.77,317,True,True,0
TXN100701,7,2026-08-14 21:38:04.131302,716.9,757,True,True,0
TXN101313,10,2026-08-14 21:44:51.487634,426.59,323,True,True,0
TXN103856,4,2026-08-14 21:57:45.036054,1932.84,593,True,True,0
TXN100264,11,2026-08-14 22:14:06.678650,1171.85,533,True,True,0
TXN102222,0,2026-08-14 22:33:38.140001,776.03,523,True,True,0
TXN100579,1,2026-08-14 22:43:44.799402,655.26,403,True,True,0
TXN100879,7,2026-08-14 22:46:43.658773,1668.31,36,False,True,0
TXN100735,8,2026-08-14 22:47:32.803002,425.5,163,True,True,0
TXN100446,3,2026-08-14 23:14:26.085647,3741.34,574,True,True,0
TXN102522,2,2026-08-14 23:41:45.871533,2603.7,78,True,True,0
TXN102482,2,2026-08-15 00:05:41.471568,2287.7,792,True,True,0
TXN100328,1,2026-08-15 00:15:08.457448,370.89,155,False,True,0
TXN101393,8,2026-08-15 00:31:06.261175,432.33,651,False,True,0
TXN102141,10,2026-08-15 00:56:11.033642,694.2,510,True,True,0
TXN102240,2,2026-08-15 01:38:06.758601,1229.08,386,True,False,0
TXN103532,0,2026-08-15 01:45:21.779647,762.13,171,True,True,0
TXN101239,0,2026-08-15 01:57:43.523876,5107.56,109,False,True,0
TXN103569,2,2026-08-15 02:01:28.315354,1223.61,394,True,True,0
TXN100278,0,2026-08-15 02:10:33.147541,992.2,358,False,True,0
TXN103189,10,2026-08-15 02:11:15.708835,1023.45,318,True,True,0
TXN100892,6,2026-08-15 02:13:49.271487,1079.31,763,True,True,0
TXN103223,9,2026-08-15 02:27:01.022216,538.8,647,True,True,0
TXN100704,1,2026-08-15 02:29:20.417132,467.06,755,True,True,0
TXN103535,0,2026-08-15 02:33:25.116214,2538.0,377,True,True,0
TXN102350,6,2026-08-15 02:43:14.720858,661.0,746,False,True,0
TXN102051,3,2026-08-15 02:44:27.607559,2799.75,602,True,True,0
TXN102498,0,2026-08-15 02:59:00.575996,973.1,349,True,True,0
TXN103692,2,2026-08-15 03:02:15.488053,1118.52,188,True,True,0
TXN100150,10,2026-08-15 03:20:12.922026,695.95,71,True,True,0
TXN103382,11,2026-08-15 03:35:07.308954,698.89,258,True,True,0
TXN101966,4,2026-08-15 03:41:03.812623,653.44,463,True,True,0
TXN101256,2,2026-08-15 03:52:48.805128,1050.8,377,True,True,0
TXN102584,4,2026-08-15 03:55:37.706586,731.38,360,True,True,0
TXN100322,7,2026-08-15 04:02:00.874049,2489.64,102,True,True,0
TXN101311,4,2026-08-15 04:15:20.659316,1125.15,783,True,True,0
TXN101315,3,2026-08-15 04:45:46.965535,1784.23,268,True,True,0
TXN102730,11,2026-08-15 04:55:17.450994,457.67,81,True,True,0
TXN100874,8,2026-08-15 05:05:38.059137,332.86,766,True,True,0
TXN102439,0,2026-08-15 05:10:41.788766,767.93,223,True,True,0
TXN100992,2,2026-08-15 05:42:58.937866,969.36,758,True,True,0
TXN104169,8,2026-08-15 06:03:06.761210,448.01,74,True,True,0
TXN102977,10,2026-08-15 06:05:24.902917,834.11,12,True,True,0
TXN100649,10,2026-08-15 06:32:18.607728,643.96,507,True,True,0
TXN102721,8,2026-08-15 06:40:32.220114,250.53,359,True,True,0
TXN103264,6,2026-08-15 06:41:22.583420,1348.26,188,True,True,0
TXN103724,0,2026-08-15 07:14:32.389124,2168.08,27,True,True,0
TXN103338,10,2026-08-15 07:16:02.369486,692.85,206,True,True,0
TXN104042,9,2026-08-15 07:18:19.107435,1151.36,465,True,True,0
TXN101866,1,2026-08-15 07:20:08.415429,463.65,706,True,True,0
TXN102670,9,2026-08-15 07:24:10.357163,338.28,517,True,True,0
TXN100268,7,2026-08-15 07:30:02.967135,1752.53,605,True,True,0
TXN103534,1,2026-08-15 07:49:06.391137,269.06,591,True,True,0
TXN100818,7,2026-08-15 08:21:02.182332,3152.72,262,False,False,0
TXN103402,1,2026-08-15 08:28:54.781286,665.08,711,True,True,0
TXN102954,3,2026-08-15 08:30:57.355800,2478.78,763,True,True,0
TXN103270,1,2026-08-15 09:13:41.285730,187.06,580,True,True,0
TXN101439,11,2026-08-15 09:21:09.439985,770.67,146,True,True,0
TXN102654,10,2026-08-15 09:37:55.575310,746.75,551,True,True,0
TXN100253,3,2026-08-15 09:44:00.959533,4870.77,554,True,True,0
TXN102499,11,2026-08-15 09:44:17.731558,913.34,24,True,True,0
TXN100529,11,2026-08-15 09:54:55.305194,318.11,515,True,True,0
TXN104171,3,2026-08-15 10:34:01.972798,1463.08,536,True,True,0
TXN102840,5,2026-08-15 10:36:41.471451,1883.74,638,True,True,0
TXN102898,9,2026-08-15 10:38:39.271788,265.51,269,True,True,0
TXN100263,11,2026-08-15 10:40:05.771564,773.74,740,True,True,0
TXN101617,6,2026-08-15 11:21:13.381033,1091.78,746,True,True,0
TXN100241,7,2026-08-15 11:26:14.972747,4690.56,75,True,True,0
TXN100089,9,2026-08-15 11:33:01.769354,379.12,608,True,True,0
TXN101096,10,2026-08-15 11:33:57.002915,908.38,614,False,True,0
TXN103840,10,2026-08-15 11:35:13.079099,613.07,384,True,True,0
TXN101047,7,2026-08-15 12:05:01.023352,3998.23,278,True,True,0
TXN103411,11,2026-08-15 12:18:13.440500,457.46,589,True,False,0
TXN101248,3,2026-08-15 13:16:17.768850,1707.74,312,True,True,0
TXN102608,6,2026-08-15 13:24:08.701542,1099.85,622,True,True,0
TXN103990,9,2026-08-15 14:12:08.402708,467.77,634,True,True,0
TXN102879,11,2026-08-15 14:21:10.734990,655.82,301,True,True,0
TXN101903,2,2026-08-15 14:27:10.260700,902.22,741,True,True,0
TXN101022,10,2026-08-15 14:53:03.839401,439.51,283,True,True,0
TXN102856,6,2026-08-15 15:02:34.724309,1542.47,725,True,True,0
TXN101281,8,2026-08-15 15:14:15.786517,550.81,199,True,True,0
TXN102209,1,2026-08-15 15:19:55.890856,386.98,217,True,True,0
TXN102278,4,2026-08-15 15:23:36.851215,645.91,498,True,True,0
TXN102571,11,2026-08-15 15:39:40.340894,147.62,613,True,False,0
TXN102764,2,2026-08-15 15:51:39.149506,477.69,782,True,True,0
TXN103930,8,2026-08-15 15:59:42.297734,232.33,531,True,True,0
TXN100055,0,2026-08-15 16:14:41.093963,1439.13,678,True,True,0
TXN102636,4,2026-08-15 17:07:55.234192,644.28,511,True,True,0
TXN104115,5,2026-08-15 17:09:28.843729,1031.68,0,True,True,0
TXN101571,4,2026-08-15 17:22:38.159664,721.45,380,True,True,0
TXN104194,6,2026-08-15 17:25:13.441319,623.52,475,True,True,0
TXN102980,8,2026-08-15 17:26:09.617483,962.25,214,True,True,0
TXN101877,10,2026-08-15 17:28:05.791836,454.6,730,True,True,0
TXN103619,1,2026-08-15 17:43:23.851961,193.38,3,False,True,0
TXN103527,1,2026-08-15 17:45:33.533490,507.17,38,True,True,0
TXN103928,7,2026-08-15 17:58:38.793612,1523.32,420,True,True,0
TXN100002,7,2026-08-15 18:06:43.533333,1753.64,561,True,True,0
TXN100921,6,2026-08-15 18:10:55.189942,1132.79,592,True,True,0
TXN101662,2,2026-08-15 18:20:09.940998,1685.94,383,True,True,0
TXN100071,2,2026-08-15 18:33:01.517601,1391.8,547,True,True,0
TXN100021,4,2026-08-15 19:00:20.728437,784.79,629,True,True,0
TXN103706,1,2026-08-15 19:09:42.220547,425.84,530,True,True,0
TXN104157,3,2026-08-15 19:11:37.665631,1610.13,446,True,True,0
TXN103851,0,2026-08-15 19:16:30.137736,1122.55,370,True,True,0
TXN100030,5,2026-08-15 19:17:04.948170,1499.76,59,True,True,0
TXN100346,11,2026-08-15 19:18:27.194664,1562.96,473,True,True,0
TXN101050,6,2026-08-15 19:24:09.279204,1482.64,85,True,True,0
TXN102728,6,2026-08-15 19:33:45.418348,971.72,292,True,True,0
TXN102768,5,2026-08-15 20:06:25.089978,675.14,777,True,True,0
TXN104024,5,2026-08-15 21:12:04.064309,719.0,113,True,True,0
TXN102958,6,2026-08-15 21:13:36.808082,605.16,433,True,True,0
TXN103999,6,2026-08-15 21:14:54.978724,2318.32,156,True,True,0
TXN100877,8,2026-08-15 21:41:53.774756,490.44,617,True,True,0
TXN102597,8,2026-08-15 22:10:39.733369,643.27,370,False,True,0
TXN101854,1,2026-08-15 22:20:00.228823,387.26,573,True,True,0
TXN102687,6,2026-08-15 22:35:30.341728,1312.65,543,True,True,0
TXN100911,2,2026-08-15 22:39:28.899609,830.28,389,True,True,0
TXN103730,8,2026-08-15 22:48:01.884224,589.39,461,True,True,0
TXN103296,2,2026-08-15 22:51:15.235303,1316.46,9,True,True,0
TXN103767,8,2026-08-15 22:59:49.063154,536.05,461,True,True,0
TXN103925,6,2026-08-15 23:08:49.672975,352.57,549,True,True,0
TXN101599,8,2026-08-15 23:15:04.575807,445.26,554,True,True,0
TXN102750,2,2026-08-15 23:37:54.518530,378.09,513,True,True,0
TXN101427,10,2026-08-15 23:59:55.172918,600.24,697,True,True,0
TXN100597,9,2026-08-16 00:01:47.858698,284.87,570,True,True,0
TXN103529,1,2026-08-16 00:01:52.261243,400.24,223,True,True,0
TXN102231,0,2026-08-16 00:08:19.740973,956.72,741,False,True,0
TXN102686,2,2026-08-16 00:13:12.416470,1392.77,212,True,True,0
TXN102820,6,2026-08-16 00:20:31.519409,856.44,149,True,True,0
TXN103573,3,2026-08-16 00:22:12.948177,1911.72,32,True,False,0
TXN104097,1,2026-08-16 00:33:43.022110,329.57,485,True,True,0
TXN100279,0,2026-08-16 01:30:39.663830,1636.13,233,True,True,0
TXN100670,11,2026-08-16 01:40:38.253239,581.21,403,True,False,0
TXN102815,1,2026-08-16 01:50:05.570999,242.46,779,False,True,0
TXN102858,8,2026-08-16 01:50:12.109861,251.02,326,True,True,0
TXN104050,3,2026-08-16 02:04:43.196023,3294.0,136,True,True,0
TXN100478,7,2026-08-16 02:06:33.952137,2642.17,716,False,True,0
TXN102528,1,2026-08-16 02:26:50.594505,274.55,760,True,True,0
TXN100664,7,2026-08-16 02:43:16.893138,947.1,722,True,True,0
TXN101611,1,2026-08-16 02:49:13.353260,188.27,63,True,True,0
TXN102307,1,2026-08-16 02:53:24.881831,180.07,790,False,True,0
TXN100934,5,2026-08-16 02:57:34.833005,857.19,666,True,True,0
TXN102710,0,2026-08-16 03:07:49.589919,1558.88,327,True,True,0
TXN103169,7,2026-08-16 03:09:18.228097,1303.2,458,True,True,0
TXN102370,0,2026-08-16 03:09:45.820990,1665.96,287,True,True,0
TXN103635,5,2026-08-16 03:12:01.394141,881.32,758,True,True,0
TXN100812,8,2026-08-16 03:17:59.256340,370.36,435,True,True,0
TXN103168,9,2026-08-16 03:21:47.370492,942.11,324,True,True,0
TXN101649,10,2026-08-16 03:28:17.096343,467.52,369,True,True,0
TXN101034,0,2026-08-16 03:47:10.986899,1465.4,703,True,True,0
TXN100341,3,2026-08-16 04:09:51.513834,1843.06,250,True,True,0
TXN102738,5,2026-08-16 04:25:06.996806,1648.66,653,True,True,0
TXN103004,8,2026-08-16 04:34:03.881374,891.64,321,True,True,0
TXN103615,5,2026-08-16 04:44:04.949043,776.65,737,True,True,0
TXN103219,5,2026-08-16 05:07:22.036692,1176.07,54,True,True,0
TXN101954,11,2026-08-16 05:09:06.012508,712.72,437,False,True,0
TXN102576,3,2026-08-16 05:21:14.880586,1172.68,368,True,True,0
TXN100515,1,2026-08-16 05:29:01.435713,193.63,60,True,True,0
TXN103289,2,2026-08-16 05:34:42.397706,1225.95,609,True,True,0
TXN103984,10,2026-08-16 05:44:26.347649,638.54,582,True,True,0
TXN101936,4,2026-08-16 05:49:27.106133,1287.78,619,True,True,0
TXN100404,5,2026-08-16 05:50:23.507160,1021.25,381,True,True,0
TXN102162,4,2026-08-16 06:04:51.544723,2182.3,190,True,True,0
TXN100767,5,2026-08-16 06:29:58.739857,1645.78,742,True,True,0
TXN103433,4,2026-08-16 06:34:06.153628,1181.68,563,False,True,0
TXN102485,4,2026-08-16 06:47:09.019595,1353.63,650,True,True,0
TXN103942,11,2026-08-16 06:50:30.482552,349.2,484,True,True,0
TXN101985,9,2026-08-16 07:08:00.645963,528.7,474,False,False,0
TXN101844,8,2026-08-16 07:16:44.998586,229.23,385,True,True,0
TXN102269,11,2026-08-16 07:20:17.653829,948.77,595,True,True,0
TXN103180,2,2026-08-16 07:22:42.351876,1318.38,305,True,True,0
TXN102773,8,2026-08-16 07:30:00.943500,882.97,479,True,True,0
TXN103777,10,2026-08-16 07:58:02.049878,687.24,457,True,True,0
TXN100928,5,2026-08-16 08:00:04.644720,3347.03,255,True,True,0
TXN103663,11,2026-08-16 08:00:14.982026,1261.67,237,True,True,0
TXN103862,2,2026-08-16 08:27:38.506414,1923.26,778,True,True,0
TXN102676,11,2026-08-16 08:29:59.080550,672.18,212,True,True,0
TXN101365,0,2026-08-16 08:30:32.154369,488.67,560,True,True,0
TXN100158,6,2026-08-16 08:38:35.841358,685.5,294,True,True,0
TXN103221,3,2026-08-16 08:55:35.283412,993.63,244,True,True,0
TXN103435,7,2026-08-16 09:19:06.150578,1392.85,235,True,True,0
TXN102956,1,2026-08-16 09:19:36.403755,549.09,669,False,True,0
TXN101023,10,2026-08-16 09:23:15.214313,746.48,342,True,True,0
TXN102119,8,2026-08-16 09:41:58.247580,477.52,261,True,True,0
TXN100449,3,2026-08-16 09:52:55.547883,1695.42,698,True,True,0
TXN100744,9,2026-08-16 10:08:01.470009,170.32,206,True,True,0
TXN103891,11,2026-08-16 10:20:06.857247,450.63,4,True,True,0
TXN100026,4,2026-08-16 10:31:55.419741,1127.51,514,True,True,0
TXN104198,11,2026-08-16 10:32:48.347788,514.03,465,True,True,0
TXN101210,7,2026-08-16 10:43:00.611596,1011.94,2,True,True,0
TXN102540,3,2026-08-16 10:56:49.829346,1752.21,124,True,True,0
TXN101074,5,2026-08-16 11:09:34.044163,2715.73,336,True,True,0
TXN101377,9,2026-08-16 11:11:50.280286,349.92,279,True,True,0
TXN100014,8,2026-08-16 11:24:29.950908,306.59,92,True,True,0
TXN100359,8,2026-08-16 11:44:47.986875,509.56,402,True,True,0
TXN103107,4,2026-08-16 11:52:39.907945,663.21,91,True,True,0
TXN100141,2,2026-08-16 12:17:07.656481,978.29,756,True,True,0
TXN101204,7,2026-08-16 12:25:21.859241,1183.66,212,True,True,0
TXN102458,5,2026-08-16 12:42:07.220333,1051.72,609,True,True,0
TXN100497,4,2026-08-16 12:50:42.818538,1599.01,298,True,True,0
TXN102751,0,2026-08-16 13:12:59.229272,2792.41,103,True,True,0
TXN101054,0,2026-08-16 13:14:01.601754,583.97,546,True,True,0
TXN100997,4,2026-08-16 13:19:43.845160,2832.65,711,True,True,0
TXN103401,11,2026-08-16 13:25:48.431202,1064.11,346,True,True,0
TXN104007,7,2026-08-16 13:35:48.966400,2652.73,293,True,True,0
TXN102039,5,2026-08-16 13:57:50.491202,849.7,662,True,True,0
TXN103885,4,2026-08-16 14:09:32.774660,264.14,85,True,True,0
TXN100376,8,2026-08-16 14:54:41.608750,644.62,707,True,True,0
TXN101071,2,2026-08-16 15:06:24.347409,2314.1,200,True,True,0
TXN103503,2,2026-08-16 15:13:02.961647,1154.85,125,True,True,0
TXN101356,4,2026-08-16 15:22:18.998746,776.97,714,True,True,0
TXN102086,8,2026-08-16 15:33:20.365743,1002.58,371,True,True,0
TXN100396,0,2026-08-16 15:35:09.156846,565.46,188,True,True,0
TXN100622,1,2026-08-16 15:53:27.429215,281.92,82,True,True,0
TXN101811,7,2026-08-16 15:58:07.816689,1016.4,118,True,True,0
TXN103465,8,2026-08-16 15:59:16.869742,338.16,285,True,True,0
TXN101482,3,2026-08-16 16:17:51.421717,2692.68,773,True,True,0
TXN102295,9,2026-08-16 16:22:57.682708,404.21,310,True,True,0
TXN100186,1,2026-08-16 16:28:20.384517,304.67,420,False,True,0
TXN102204,5,2026-08-16 16:39:05.018411,923.95,576,True,True,0
TXN101243,5,2026-08-16 16:53:32.030793,611.7,624,True,True,0
TXN100163,4,2026-08-16 16:57:46.819074,2455.28,376,True,True,0
TXN102453,5,2026-08-16 17:19:53.538338,876.79,41,True,True,0
TXN102525,3,2026-08-16 17:27:32.609106,2435.9,430,True,True,0
TXN103744,2,2026-08-16 17:27:46.835667,741.28,177,True,True,0
TXN102041,10,2026-08-16 17:33:23.050115,206.24,273,True,True,0
TXN101517,0,2026-08-16 17:38:35.380645,1133.93,483,True,True,0
TXN103976,7,2026-08-16 17:39:22.506245,1727.92,87,True,True,0
TXN103061,3,2026-08-16 17:40:28.203791,2025.83,598,True,True,0
TXN101437,7,2026-08-16 17:46:09.736806,2449.25,130,True,True,0
TXN100784,5,2026-08-16 17:48:06.403340,1650.3,788,True,False,0
TXN103506,10,2026-08-16 17:52:59.880811,582.04,689,True,True,0
TXN103100,4,2026-08-16 17:59:08.773888,580.42,595,True,True,0
TXN103780,0,2026-08-16 18:10:27.922291,1572.74,696,False,True,0
TXN104103,0,2026-08-16 18:43:33.218884,1054.51,693,True,True,0
TXN103585,2,2026-08-16 19:13:41.773178,1496.07,144,True,True,0
TXN100032,1,2026-08-16 19:22:54.179031,212.56,432,True,True,0
TXN101314,10,2026-08-16 19:30:06.725075,601.42,3,True,True,0
TXN102264,1,2026-08-16 19:30:49.018838,131.09,441,True,True,0
TXN101974,6,2026-08-16 19:35:40.083990,934.76,49,True,True,0
TXN102937,8,2026-08-16 19:36:23.330853,341.98,280,True,True,0
TXN101420,11,2026-08-16 19:45:27.130782,1220.71,512,True,True,0
TXN103432,2,2026-08-16 20:10:06.446521,1650.56,621,True,True,0
TXN102992,2,2026-08-16 20:10:51.432519,1011.29,252,True,True,0
TXN101540,5,2026-08-16 20:11:24.601705,1515.91,62,True,True,0
TXN101857,7,2026-08-16 20:28:37.990164,1027.42,599,True,True,0
TXN104156,8,2026-08-16 20:36:27.550715,413.71,81,True,True,0
TXN100112,6,2026-08-16 20:38:20.065947,1314.27,193,True,True,0
TXN103355,5,2026-08-16 20:47:32.141245,1623.27,531,True,True,0
TXN101260,3,2026-08-16 21:43:45.374755,1836.78,598,True,True,0
TXN103880,10,2026-08-16 21:45:50.938038,277.74,206,True,True,0
TXN102149,10,2026-08-16 21:49:37.967839,650.86,109,False,True,0
TXN101279,10,2026-08-16 21:52:18.383855,331.69,297,True,True,0
TXN102925,2,2026-08-16 22:04:20.936261,563.24,643,True,True,0
TXN101110,7,2026-08-16 22:30:11.963661,738.76,795,True,True,0
TXN103132,9,2026-08-16 22:32:42.617548,188.64,231,True,True,0
TXN103952,8,2026-08-16 22:33:14.990614,227.57,687,True,True,0
TXN103987,0,2026-08-16 22:47:26.236276,599.26,347,True,True,0
TXN103654,8,2026-08-16 22:48:48.113940,613.57,87,True,True,0
TXN101049,1,2026-08-16 23:32:37.495096,366.92,262,False,True,0
TXN101756,4,2026-08-16 23:38:19.006038,1523.94,303,False,True,0
TXN101919,6,2026-08-16 23:40:26.015641,681.44,383,True,True,0
TXN104112,1,2026-08-17 00:04:42.569595,323.3,359,True,True,0
TXN103718,8,2026-08-17 00:12:24.778214,373.97,577,False,True,0
TXN100246,9,2026-08-17 00:17:41.944660,389.68,758,True,False,0
TXN103314,4,2026-08-17 00:22:22.247087,1351.95,799,True,True,0
TXN101671,6,2026-08-17 00:27:40.045456,798.84,406,True,True,0
TXN100281,5,2026-08-17 00:30:15.906905,927.54,236,True,True,0
TXN100599,7,2026-08-17 00:31:02.410731,1442.79,229,True,True,0
TXN103097,3,2026-08-17 00:33:10.482544,3575.84,505,True,True,0
TXN101176,3,2026-08-17 00:34:08.490684,1040.51,81,True,True,0
TXN102205,9,2026-08-17 00:35:26.947383,179.48,446,True,True,0
TXN101769,2,2026-08-17 00:45:13.136430,2513.52,689,True,True,0
TXN103477,6,2026-08-17 00:58:15.323112,1377.95,289,True,True,0
TXN100388,10,2026-08-17 01:13:58.080677,456.94,541,True,True,0
TXN103122,5,2026-08-17 01:39:18.268107,1012.25,515,True,True,0
TXN100475,9,2026-08-17 01:40:38.247135,430.88,45,True,True,0
TXN100102,9,2026-08-17 01:57:12.729023,144.19,267,True,True,0
TXN100348,2,2026-08-17 02:01:01.385785,597.77,191,True,True,0
TXN103613,0,2026-08-17 02:08:14.089421,1224.14,713,True,True,0
TXN104145,3,2026-08-17 02:22:49.871749,1165.68,524,True,True,0
TXN104135,11,2026-08-17 02:35:13.796498,1497.75,648,True,True,0
TXN102298,2,2026-08-17 02:57:12.131625,912.06,120,True,True,0
TXN103403,11,2026-08-17 03:00:14.126341,856.1,178,True,True,0
TXN101725,9,2026-08-17 03:03:13.785899,267.01,666,False,True,0
TXN102042,8,2026-08-17 03:17:04.658434,917.19,41,True,True,0
TXN100583,0,2026-08-17 03:17:14.133054,1261.21,657,True,True,0
TXN101546,8,2026-08-17 03:30:47.926541,330.41,487,True,True,0
TXN100577,6,2026-08-17 03:36:24.922462,627.96,160,True,True,0
TXN100010,6,2026-08-17 03:44:23.419560,535.99,655,True,True,0
TXN103331,10,2026-08-17 03:44:42.589606,860.11,248,True,True,0
TXN102899,2,2026-08-17 03:49:01.847685,888.1,432,True,True,0
TXN103895,11,2026-08-17 03:50:43.793194,579.33,432,True,True,0
TXN101089,1,2026-08-17 03:51:09.098996,234.48,770,True,True,0
TXN102599,4,2026-08-17 04:04:11.054852,2902.76,636,True,True,0
TXN100540,8,2026-08-17 04:11:57.897741,309.31,471,False,True,0
TXN100567,2,2026-08-17 04:14:55.894499,1195.17,582,True,True,0
TXN103161,10,2026-08-17 04:29:40.490521,708.25,601,True,True,0
TXN101747,4,2026-08-17 04:38:42.565232,632.47,609,True,True,0
TXN100438,0,2026-08-17 04:39:02.126551,1389.15,675,True,True,0
TXN101724,6,2026-08-17 05:05:56.804393,796.91,391,True,True,0
TXN102085,7,2026-08-17 05:07:47.160543,1462.14,247,True,True,0
TXN100647,6,2026-08-17 05:24:38.150567,982.19,650,True,True,0
TXN102976,5,2026-08-17 05:32:07.018824,670.87,459,True,True,0
TXN103181,2,2026-08-17 05:39:10.990352,6213.74,570,True,True,0
TXN101078,5,2026-08-17 05:39:18.094847,1150.92,720,True,True,0
TXN100764,4,2026-08-17 05:40:27.378972,2864.15,359,True,True,0
TXN100687,7,2026-08-17 06:14:15.968474,793.2,594,True,True,0
TXN103804,0,2026-08-17 06:20:10.684110,2990.29,131,True,True,0
TXN103174,11,2026-08-17 06:28:01.681028,647.87,432,True,True,0
TXN100117,1,2026-08-17 06:43:14.674460,125.24,465,True,True,0
TXN103612,7,2026-08-17 06:43:35.130813,2158.27,138,True,True,0
TXN101249,11,2026-08-17 06:54:36.082524,1224.43,310,True,True,0
TXN102766,4,2026-08-17 06:56:41.529795,310.88,630,True,True,0
TXN102900,6,2026-08-17 06:56:53.200485,1085.82,390,True,True,0
TXN103012,0,2026-08-17 07:01:40.257597,1129.13,301,True,True,0
TXN101226,1,2026-08-17 07:16:34.932861,365.1,75,True,True,0
TXN101275,8,2026-08-17 07:22:59.704978,407.07,493,True,True,0
TXN100796,11,2026-08-17 07:32:23.438822,975.48,594,True,True,0
TXN102292,2,2026-08-17 07:39:01.328861,1025.14,197,True,True,0
TXN101645,3,2026-08-17 07:47:58.465424,2016.34,432,True,True,0
TXN101120,0,2026-08-17 08:00:10.397828,550.18,204,True,True,0
TXN102662,1,2026-08-17 08:15:44.425757,187.29,203,False,True,0
TXN102726,1,2026-08-17 08:20:57.816365,67.11,685,True,True,0
TXN100145,10,2026-08-17 08:25:08.365948,1026.11,160,True,True,0
TXN103117,7,2026-08-17 08:41:00.085031,1729.28,637,True,True,0
TXN100825,1,2026-08-17 08:45:08.816414,211.18,500,True,False,0
TXN102543,4,2026-08-17 08:47:46.491629,465.43,52,True,True,0
TXN102164,11,2026-08-17 08:53:05.845393,1117.62,203,True,True,0
TXN100440,11,2026-08-17 09:05:37.590289,1125.76,114,True,True,0
TXN102959,5,2026-08-17 09:16:51.437546,818.58,577,True,True,0
TXN102675,7,2026-08-17 09:40:26.563978,1556.63,368,True,True,0
TXN103495,6,2026-08-17 09:41:15.388482,2297.47,513,False,True,0
TXN103028,2,2026-08-17 09:43:34.711507,1228.2,40,False,True,0
TXN103468,6,2026-08-17 09:47:04.099500,1108.1,110,False,True,0
TXN100228,6,2026-08-17 10:03:44.467677,823.75,343,True,True,0
TXN100227,6,2026-08-17 10:16:05.710859,1860.36,587,True,True,0
TXN100977,6,2026-08-17 10:27:44.392166,653.45,526,True,True,0
TXN102830,11,2026-08-17 10:56:19.963546,679.5,25,True,True,0
TXN100946,11,2026-08-17 11:14:22.506777,595.78,381,True,True,0
TXN103021,1,2026-08-17 11:14:56.219737,195.11,156,True,True,0
TXN102305,1,2026-08-17 11:23:26.689024,146.08,177,True,True,0
TXN102554,11,2026-08-17 11:23:41.361995,955.22,779,True,True,0
TXN103358,2,2026-08-17 12:06:17.027620,1204.51,404,False,True,0
TXN100321,1,2026-08-17 12:28:22.678655,142.18,390,True,True,0
TXN102069,5,2026-08-17 12:37:30.677434,598.44,405,True,True,0
TXN100380,0,2026-08-17 12:42:45.714721,4007.95,467,True,True,0
TXN101085,10,2026-08-17 12:48:43.041774,791.22,625,True,False,0
TXN102310,3,2026-08-17 12:57:54.486266,529.78,592,True,True,0
TXN101320,1,2026-08-17 13:08:38.297758,393.3,675,True,True,0
TXN101464,10,2026-08-17 13:45:20.691737,653.44,34,True,True,0
TXN100978,4,2026-08-17 14:04:58.928098,643.51,22,True,True,0
TXN102156,5,2026-08-17 14:26:27.164311,1328.73,613,True,True,0
TXN103644,11,2026-08-17 14:37:43.975124,477.24,252,True,True,0
TXN100742,7,2026-08-17 14:59:38.652727,683.91,263,True,True,0
TXN102212,7,2026-08-17 15:09:44.505888,1581.08,385,True,True,0
TXN102490,4,2026-08-17 15:17:00.197498,1853.55,278,True,True,0
TXN101928,2,2026-08-17 15:20:48.825853,870.2,572,True,True,0
TXN104018,2,2026-08-17 15:44:30.376431,708.58,237,True,True,0
TXN103396,5,2026-08-17 15:59:23.771701,934.64,548,True,True,0
TXN103543,9,2026-08-17 16:03:58.858120,380.1,538,True,True,0
TXN100919,7,2026-08-17 17:39:59.215916,920.52,37,True,True,0
TXN101029,4,2026-08-17 17:54:32.107873,2051.18,43,True,True,0
TXN100878,6,2026-08-17 18:01:05.283449,880.48,88,True,True,0
TXN103737,6,2026-08-17 18:05:54.399550,1447.64,222,True,True,0
TXN100824,7,2026-08-17 18:25:50.883918,1509.29,380,True,True,0
TXN104030,6,2026-08-17 18:36:23.623840,1695.42,636,True,True,0
TXN100351,0,2026-08-17 18:37:00.351989,751.24,520,False,True,0
TXN102665,6,2026-08-17 18:47:15.372362,943.07,246,True,True,0
TXN104084,6,2026-08-17 18:58:03.717420,1940.54,643,True,True,0
TXN102428,9,2026-08-17 18:58:51.146697,208.68,333,False,True,0
TXN103268,1,2026-08-17 19:08:26.589544,738.99,419,True,True,0
TXN101636,1,2026-08-17 19:13:30.825359,203.51,654,True,True,0
TXN103347,1,2026-08-17 19:21:51.867402,243.23,292,True,True,0
TXN104123,3,2026-08-17 19:30:20.327843,3755.61,274,True,True,0
TXN100828,10,2026-08-17 19:46:53.913259,496.09,281,True,False,0
TXN100745,4,2026-08-17 19:47:32.102053,599.38,220,True,True,0
TXN101448,8,2026-08-17 19:59:04.633845,829.6,47,True,True,0
TXN103247,1,2026-08-17 20:00:53.538209,406.45,564,True,True,0
TXN103173,4,2026-08-17 20:07:45.865255,569.6,789,True,True,0
TXN103104,8,2026-08-17 20:12:07.471920,1478.78,574,True,True,0
TXN102057,8,2026-08-17 20:26:09.278096,293.85,792,True,True,0
TXN103339,10,2026-08-17 20:34:26.079515,777.8,56,True,True,0
TXN101580,3,2026-08-17 20:35:14.345588,761.4,665,True,True,0
TXN103920,11,2026-08-17 20:40:35.884029,944.5,412,True,False,0
TXN101710,4,2026-08-17 20:48:59.215167,515.38,229,True,True,0
TXN101895,10,2026-08-17 20:54:51.811827,1330.22,483,True,True,0
TXN103708,5,2026-08-17 21:11:47.121496,1765.01,367,False,True,0
TXN101752,7,2026-08-17 21:14:24.889890,1953.32,496,True,True,0
TXN100974,1,2026-08-17 21:17:36.593712,306.59,496,True,True,0
TXN102033,8,2026-08-17 21:26:48.963529,602.58,8,True,True,0
TXN101969,1,2026-08-17 21:30:28.833003,221.23,603,True,True,0
TXN103020,4,2026-08-17 21:35:09.466907,1580.39,228,True,True,0
TXN101424,3,2026-08-17 21:54:22.292915,1415.42,291,True,False,0
TXN101290,2,2026-08-17 22:16:29.557078,317.98,98,True,False,0
TXN100724,9,2026-08-17 22:47:23.201468,270.69,161,True,True,0
TXN100273,11,2026-08-17 22:51:08.268190,1201.41,646,True,True,0
TXN103050,10,2026-08-17 22:56:04.220914,926.19,416,True,True,0
TXN103419,3,2026-08-17 23:22:22.602803,2386.44,631,True,True,0
TXN100780,10,2026-08-17 23:23:48.786345,409.81,256,True,True,0
TXN103691,7,2026-08-17 23:35:53.432634,1166.43,345,True,True,0
TXN102121,11,2026-08-17 23:41:39.624589,868.06,21,True,True,0
TXN102174,2,2026-08-17 23:42:49.745516,1693.04,53,True,True,0
TXN100836,9,2026-08-18 00:04:45.476388,167.75,79,True,True,0
TXN102092,9,2026-08-18 00:09:58.683697,661.7,612,True,True,0
TXN101118,8,2026-08-18 00:15:01.864409,642.61,235,True,True,0
TXN103009,9,2026-08-18 00:15:53.158414,629.63,507,True,True,0
TXN100038,3,2026-08-18 00:22:56.808776,2344.32,377,True,True,0
TXN100305,1,2026-08-18 00:37:07.411035,183.31,660,True,True,0
TXN101622,11,2026-08-18 00:47:18.547675,880.28,451,True,True,0
TXN101505,2,2026-08-18 00:49:19.905388,1766.48,507,True,True,0
TXN103921,7,2026-08-18 00:52:51.615542,1644.09,463,True,True,0
TXN101276,7,2026-08-18 01:00:58.938975,2611.48,40,True,True,0
TXN101901,6,2026-08-18 01:02:28.831267,620.04,57,True,True,0
TXN102379,7,2026-08-18 01:04:56.109965,1874.82,45,True,True,0
TXN102537,5,2026-08-18 01:15:05.084860,986.02,237,True,True,0
TXN101938,11,2026-08-18 01:25:58.276037,2177.46,397,True,True,0
TXN101388,10,2026-08-18 01:31:52.283142,991.23,115,True,False,0
TXN103480,9,2026-08-18 02:13:53.886624,781.22,695,True,True,0
TXN102323,7,2026-08-18 02:14:23.084874,789.28,708,True,True,0
TXN101233,8,2026-08-18 02:26:42.013598,388.54,243,False,True,0
TXN103149,1,2026-08-18 02:32:35.106141,415.81,289,True,True,0
TXN100516,10,2026-08-18 02:35:26.738950,1121.4,465,True,True,0
TXN101999,3,2026-08-18 02:39:35.735796,1745.04,332,True,False,0
TXN102405,9,2026-08-18 02:39:51.916049,393.34,783,True,True,0
TXN102444,7,2026-08-18 02:44:24.682368,2412.4,180,True,True,0
TXN102989,5,2026-08-18 02:45:19.084236,1028.96,733,True,True,0
TXN101362,4,2026-08-18 02:46:54.089242,1070.21,400,True,True,0
TXN103735,2,2026-08-18 02:51:18.825803,971.54,795,True,True,0
TXN103935,10,2026-08-18 02:54:12.878008,773.47,91,True,True,0
TXN101889,5,2026-08-18 02:58:16.961211,1026.28,730,True,True,0
TXN100914,7,2026-08-18 02:59:29.322560,5627.65,264,False,True,0
TXN102861,11,2026-08-18 03:12:12.508627,1292.7,16,True,True,0
TXN102342,6,2026-08-18 03:46:55.694195,1152.35,73,True,True,0
TXN101735,9,2026-08-18 03:56:23.351838,288.92,111,True,True,0
TXN100960,1,2026-08-18 04:05:29.401554,319.94,153,True,True,0
TXN103014,5,2026-08-18 04:09:43.461584,719.07,446,True,True,0
TXN100948,11,2026-08-18 04:12:21.671449,754.33,170,True,True,0
TXN102966,2,2026-08-18 04:15:07.491886,1852.31,214,True,True,0
TXN100262,3,2026-08-18 04:28:34.131129,3323.53,330,True,True,0
TXN102275,5,2026-08-18 04:36:46.155023,365.55,317,True,True,0
TXN102089,0,2026-08-18 05:01:13.821579,774.02,647,True,True,0
TXN103523,2,2026-08-18 05:10:05.690267,1119.0,575,True,True,0
TXN102672,10,2026-08-18 05:12:48.736110,1083.82,583,True,True,0
TXN101791,10,2026-08-18 05:16:58.917744,389.07,157,False,True,0
TXN100372,4,2026-08-18 05:34:45.848066,945.08,506,True,True,0
TXN102581,5,2026-08-18 05:37:18.950591,983.71,536,False,True,0
TXN103906,8,2026-08-18 05:47:28.948181,529.12,596,True,True,0
TXN101158,4,2026-08-18 05:57:39.542376,327.34,661,True,True,0
TXN102770,7,2026-08-18 06:00:04.096530,1234.65,145,True,True,0
TXN101606,1,2026-08-18 06:01:03.375680,413.58,5,True,True,0
TXN102885,1,2026-08-18 06:10:12.279992,559.19,27,True,True,0
TXN101056,5,2026-08-18 06:10:29.307944,1111.51,450,True,True,0
TXN100766,7,2026-08-18 06:27:51.551546,2910.13,518,False,True,0
TXN103926,6,2026-08-18 06:33:32.300805,1616.95,352,True,True,0
TXN100593,11,2026-08-18 06:33:43.779510,649.71,192,True,True,0
TXN103042,3,2026-08-18 06:48:15.624626,1317.99,769,True,True,0
TXN100445,7,2026-08-18 07:04:32.258624,1319.34,189,True,True,0
TXN103139,5,2026-08-18 07:05:36.081487,443.69,556,True,True,0
TXN101945,1,2026-08-18 07:06:07.459064,380.81,615,True,True,0
TXN103877,2,2026-08-18 07:16:25.852095,1712.13,623,True,True,0
TXN101833,0,2026-08-18 07:16:34.514131,793.12,628,True,True,0
TXN102407,8,2026-08-18 07:26:38.527714,1183.09,429,True,True,0
TXN102911,1,2026-08-18 07:32:44.168733,342.27,63,True,True,0
TXN100531,1,2026-08-18 07:39:37.077427,590.19,411,True,True,0
TXN103080,5,2026-08-18 07:40:30.580744,1071.77,683,True,True,0
TXN101955,4,2026-08-18 07:45:27.956764,907.56,147,True,True,0
TXN101333,9,2026-08-18 07:59:49.331360,133.83,88,True,True,0
TXN100443,5,2026-08-18 08:02:17.053633,1592.96,297,True,True,0
TXN101970,9,2026-08-18 08:06:33.689268,367.43,115,True,True,0
TXN102970,7,2026-08-18 08:11:24.336963,854.05,286,True,True,0
TXN103650,1,2026-08-18 08:44:33.832076,281.69,128,True,True,0
TXN102072,4,2026-08-18 08:54:47.663883,910.41,294,True,True,0
TXN100369,9,2026-08-18 09:07:35.375218,300.19,421,True,True,0
TXN100548,6,2026-08-18 09:16:35.819053,838.04,37,True,True,0
TXN100399,3,2026-08-18 09:41:48.474678,1121.52,758,True,True,0
TXN102691,7,2026-08-18 09:47:06.919025,1938.6,792,True,True,0
TXN102080,9,2026-08-18 10:18:21.391402,134.99,677,False,True,0
TXN104144,1,2026-08-18 10:45:56.590573,232.95,80,True,True,0
TXN103789,3,2026-08-18 10:57:49.253146,1046.37,219,True,True,0
TXN100814,9,2026-08-18 11:10:36.286395,413.19,278,True,True,0
TXN102877,11,2026-08-18 11:20:20.969508,622.84,116,True,True,0
TXN102611,11,2026-08-18 11:31:58.633037,860.51,270,True,True,0
TXN102625,6,2026-08-18 11:34:09.599116,1773.58,279,True,True,0
TXN104045,0,2026-08-18 11:53:54.587605,950.91,431,False,True,0
TXN101564,6,2026-08-18 11:58:49.283657,1397.69,238,True,True,0
TXN100121,8,2026-08-18 12:23:48.306410,455.85,87,True,True,0
TXN102368,1,2026-08-18 12:32:00.036621,383.94,420,True,True,0
TXN100539,0,2026-08-18 12:38:11.373787,1965.89,694,True,True,0
TXN100927,3,2026-08-18 12:41:24.921609,1547.34,780,False,True,0
TXN100506,6,2026-08-18 12:54:37.336938,1404.09,737,True,True,0
TXN101915,6,2026-08-18 13:05:49.352733,1200.96,2,True,True,0
TXN102318,10,2026-08-18 13:20:01.824463,488.98,622,True,True,0
TXN101574,1,2026-08-18 13:23:40.896830,162.14,646,True,True,0
TXN100862,1,2026-08-18 13:39:31.650032,365.01,633,True,True,0
TXN103950,4,2026-08-18 13:53:07.368805,504.4,598,True,True,0
TXN100398,3,2026-08-18 13:57:50.073758,879.52,132,True,True,0
TXN100140,11,2026-08-18 14:23:33.817913,613.59,143,True,True,0
TXN101390,3,2026-08-18 14:29:39.324651,1043.95,590,True,True,0
TXN104122,11,2026-08-18 14:35:45.665446,734.72,652,True,True,0
TXN102232,11,2026-08-18 14:57:19.864286,511.19,529,True,True,0
TXN103787,0,2026-08-18 15:10:40.009908,1507.95,639,True,True,0
TXN101035,8,2026-08-18 15:18:01.002307,291.51,561,True,True,0
TXN101963,9,2026-08-18 15:29:28.432420,311.45,522,True,True,0
TXN100536,5,2026-08-18 15:33:00.651309,2051.6,491,True,True,0
TXN100727,1,2026-08-18 15:43:27.430227,214.56,423,True,True,0
TXN100665,8,2026-08-18 15:44:19.696389,269.96,274,False,True,0
TXN103078,2,2026-08-18 15:44:46.372645,2107.76,89,True,True,0
TXN100013,9,2026-08-18 15:52:38.987746,115.32,272,True,True,0
TXN100838,0,2026-08-18 15:59:57.569944,833.53,695,True,True,0
TXN102887,0,2026-08-18 16:12:36.070362,1048.91,278,True,True,0
TXN100076,3,2026-08-18 16:38:01.627535,1349.83,583,True,True,0
TXN101657,10,2026-08-18 16:47:28.737216,1103.11,327,True,True,0
TXN103490,1,2026-08-18 16:51:11.540921,345.01,159,True,True,0
TXN102912,5,2026-08-18 16:55:48.493578,1341.51,169,True,True,0
TXN100981,8,2026-08-18 17:10:11.393135,617.53,90,True,True,0
TXN101426,8,2026-08-18 17:20:33.029347,300.49,43,True,True,0
TXN100047,10,2026-08-18 17:24:29.770286,1090.02,146,False,True,0
TXN101726,11,2026-08-18 17:36:42.603256,1542.04,157,True,True,0
TXN100543,2,2026-08-18 18:05:54.460239,1858.41,195,True,True,0
TXN100511,8,2026-08-18 18:13:52.933794,322.2,251,True,True,0
TXN100367,3,2026-08-18 18:19:58.194892,957.82,467,True,True,0
TXN102154,8,2026-08-18 18:32:44.372363,399.36,620,True,False,0
TXN102996,3,2026-08-18 18:34:59.758587,2379.66,69,True,True,0
TXN103464,4,2026-08-18 18:35:41.875709,807.82,148,True,True,0
TXN100303,10,2026-08-18 18:40:14.921094,444.4,632,False,True,0
TXN104188,0,2026-08-18 18:40:44.341246,819.34,199,True,True,0
TXN102948,6,2026-08-18 18:42:42.484475,2355.22,695,True,True,0
TXN103886,0,2026-08-18 18:43:38.145407,1543.66,383,True,True,0
TXN101949,3,2026-08-18 18:45:33.267115,1735.92,393,True,True,0
TXN104163,2,2026-08-18 18:49:02.059899,882.24,468,False,True,0
TXN101207,8,2026-08-18 19:12:17.870505,443.34,292,True,True,0
TXN101212,5,2026-08-18 19:16:15.891221,352.74,153,True,True,0
TXN101395,7,2026-08-18 19:18:17.730608,1875.3,542,True,True,0
TXN103638,0,2026-08-18 19:24:09.924940,1101.44,354,True,True,0
TXN101385,2,2026-08-18 20:08:35.985805,557.37,751,True,True,0
TXN101695,8,2026-08-18 20:13:46.519315,388.0,183,True,True,0
TXN101269,0,2026-08-18 20:14:49.792507,1121.39,74,True,True,0
TXN100681,1,2026-08-18 20:16:47.335810,536.21,2,True,True,0
TXN103779,5,2026-08-18 20:25:02.060975,2080.28,727,True,True,0
TXN103254,2,2026-08-18 20:43:03.124731,1394.91,635,True,True,0
TXN103210,11,2026-08-18 21:07:39.848449,282.47,94,True,True,0
TXN103967,2,2026-08-18 21:10:31.673290,2524.66,421,True,True,0
TXN100083,9,2026-08-18 21:15:16.583857,282.46,314,True,True,0
TXN101177,2,2026-08-18 21:24:54.068011,1399.2,487,True,True,0
TXN104080,10,2026-08-18 21:32:02.668618,551.54,750,True,True,0
TXN103316,7,2026-08-18 22:04:44.138821,1276.71,181,True,True,0
TXN104092,4,2026-08-18 22:15:58.194892,689.41,358,True,True,0
TXN100736,8,2026-08-18 22:26:13.220046,786.8,575,True,True,0
TXN100982,6,2026-08-18 22:28:38.169508,1324.24,169,True,True,0
TXN101583,4,2026-08-18 22:29:25.374383,1630.7,450,False,True,0
TXN101751,10,2026-08-18 22:32:01.921349,669.77,661,True,True,0
TXN103517,10,2026-08-18 22:33:34.134361,1464.68,722,True,True,0
TXN103760,2,2026-08-18 22:49:08.029122,1584.02,729,True,True,0
TXN101442,11,2026-08-18 22:52:43.285416,889.23,745,False,True,0
TXN101470,10,2026-08-18 22:53:13.525500,354.42,407,True,False,0
TXN101630,6,2026-08-18 23:00:20.245649,686.97,70,True,True,0
TXN103966,9,2026-08-18 23:07:28.959251,761.61,126,True,True,0
TXN102555,1,2026-08-18 23:25:44.061874,182.82,80,True,True,0
TXN101719,6,2026-08-18 23:26:01.314365,2539.22,176,False,True,0
TXN100517,0,2026-08-18 23:51:16.540346,1043.92,440,True,True,0
TXN103872,10,2026-08-18 23:57:49.009314,1012.71,191,True,True,0
TXN101961,11,2026-08-19 00:22:58.639717,515.22,502,True,True,0
TXN100207,11,2026-08-19 00:34:39.436714,974.71,671,True,True,0
TXN103250,4,2026-08-19 00:43:23.529723,1407.16,135,True,True,0
TXN102707,3,2026-08-19 00:47:40.207129,1344.21,211,True,True,0
TXN100335,9,2026-08-19 00:54:46.674351,271.15,77,False,True,0
TXN103084,4,2026-08-19 01:05:50.430636,428.83,459,True,True,0
TXN102919,4,2026-08-19 01:08:27.064645,400.89,217,True,True,0
TXN100632,5,2026-08-19 01:08:44.896541,1089.56,336,True,True,0
TXN100201,10,2026-08-19 01:14:12.978045,936.88,729,True,True,0
TXN101907,1,2026-08-19 01:17:12.073109,357.38,385,False,True,0
TXN104120,8,2026-08-19 01:19:38.132274,234.48,21,True,True,0
TXN100111,9,2026-08-19 01:26:13.551400,431.05,163,True,True,0
TXN101746,11,2026-08-19 01:32:25.936339,610.37,100,True,True,0
TXN103875,7,2026-08-19 01:34:38.182328,710.37,684,True,True,0
TXN102190,4,2026-08-19 01:38:12.936053,1344.26,479,True,True,0
TXN100685,9,2026-08-19 01:51:45.223631,412.18,622,True,True,0
TXN103067,8,2026-08-19 01:59:34.940157,487.65,416,True,True,0
TXN100676,6,2026-08-19 02:07:10.831498,1409.46,324,True,True,0
TXN101319,4,2026-08-19 02:25:10.690531,793.4,798,True,True,0
TXN101083,6,2026-08-19 02:47:16.629172,2478.81,290,True,True,0
TXN100524,3,2026-08-19 02:47:58.084317,2177.44,363,True,False,0
TXN103897,0,2026-08-19 03:23:05.107651,2420.4,62,True,True,0
TXN103604,11,2026-08-19 03:32:25.002999,923.29,355,True,True,0
TXN101497,9,2026-08-19 04:09:42.764229,180.85,567,True,True,0
TXN102334,6,2026-08-19 04:10:17.893922,541.25,725,True,True,0
TXN103309,11,2026-08-19 04:25:25.579179,738.33,179,True,True,0
TXN103032,6,2026-08-19 04:36:30.719260,3239.22,791,True,False,0
TXN102819,8,2026-08-19 04:37:25.687314,604.11,380,True,True,0
TXN101417,5,2026-08-19 04:40:17.453793,1649.28,799,True,True,0
TXN103099,3,2026-08-19 04:55:01.775398,1013.56,191,True,True,0
TXN104197,1,2026-08-19 04:57:13.599244,270.56,667,True,True,0
TXN102369,2,2026-08-19 05:02:32.617083,3190.28,579,True,True,0
TXN101690,9,2026-08-19 05:06:23.433512,264.37,566,True,True,0
TXN103192,8,2026-08-19 05:29:06.950760,260.44,116,True,True,0
TXN102242,5,2026-08-19 05:36:42.148761,2882.9,748,False,True,0
TXN101777,1,2026-08-19 05:38:16.736663,368.53,667,True,True,0
TXN102461,2,2026-08-19 05:48:39.565095,1092.04,593,True,True,0
TXN102354,3,2026-08-19 06:01:32.961841,3142.92,250,True,True,0
TXN102998,5,2026-08-19 06:07:56.391922,908.32,176,True,True,0
TXN101604,1,2026-08-19 06:22:33.508540,340.34,504,True,True,0
TXN100082,1,2026-08-19 06:35:21.965578,507.65,539,True,True,0
TXN101273,8,2026-08-19 06:40:15.701523,282.48,703,True,True,0
TXN102737,2,2026-08-19 06:50:55.507373,1220.14,782,True,True,0
TXN100345,3,2026-08-19 07:03:06.518277,1015.66,688,False,True,0
TXN103496,1,2026-08-19 07:19:34.290269,1103.38,313,True,True,0
TXN101518,5,2026-08-19 08:03:32.017050,982.29,60,True,True,0
TXN102421,9,2026-08-19 08:04:49.268054,790.45,242,True,True,0
TXN100734,2,2026-08-19 08:07:23.939251,890.79,70,True,True,0
TXN102669,11,2026-08-19 08:07:56.912691,585.42,553,True,True,0
TXN102427,4,2026-08-19 08:15:01.930534,569.88,254,True,True,0
TXN102806,3,2026-08-19 08:19:13.761257,1744.08,58,True,True,0
TXN102641,5,2026-08-19 08:19:42.102516,1251.14,563,True,True,0
TXN103557,4,2026-08-19 08:27:11.522277,1146.38,82,True,True,0
TXN100073,1,2026-08-19 08:29:49.262411,372.8,249,True,True,0
TXN101603,3,2026-08-19 08:40:03.404194,669.56,769,False,True,0
TXN100472,5,2026-08-19 09:01:15.260101,450.23,118,True,True,0
TXN100600,7,2026-08-19 09:16:06.544733,1891.29,320,True,True,0
TXN101002,6,2026-08-19 09:22:07.692336,1267.5,144,True,True,0
TXN101855,10,2026-08-19 09:38:34.028788,812.31,180,True,True,0
TXN101173,2,2026-08-19 09:46:56.911787,1936.17,471,True,True,0
TXN103414,7,2026-08-19 09:47:19.449249,1088.75,107,True,True,0
TXN103846,9,2026-08-19 10:03:45.835902,375.18,108,True,True,0
TXN102195,9,2026-08-19 10:22:22.415276,392.14,542,True,True,0
TXN102371,9,2026-08-19 10:37:16.895535,274.31,754,True,True,0
TXN103961,10,2026-08-19 10:41:29.761301,722.59,40,True,True,0
TXN103006,7,2026-08-19 10:52:31.670478,1739.22,285,True,True,0
TXN103977,11,2026-08-19 10:55:15.377275,362.96,608,True,True,0
TXN100493,7,2026-08-19 11:15:22.083663,3652.32,282,True,True,0
TXN102003,5,2026-08-19 11:23:34.767099,966.54,733,True,True,0
TXN101408,0,2026-08-19 11:46:25.017130,1435.74,656,True,True,0
TXN101629,1,2026-08-19 11:51:47.673964,603.59,143,True,True,0
TXN103118,0,2026-08-19 11:57:52.443128,4877.27,6,True,True,0
TXN102558,0,2026-08-19 12:06:35.136622,1664.51,731,True,True,0
TXN100311,8,2026-08-19 12:26:24.194314,623.47,289,False,True,0
TXN100256,8,2026-08-19 12:27:33.900211,908.66,499,True,False,0
TXN100987,3,2026-08-19 12:28:45.412898,1014.39,435,True,True,0
TXN101976,11,2026-08-19 12:30:52.438473,659.13,61,True,True,0
TXN102848,3,2026-08-19 12:31:50.748760,924.88,35,True,True,0
TXN101683,9,2026-08-19 12:32:49.234538,235.63,466,True,True,0
TXN102617,0,2026-08-19 12:40:47.021289,798.4,512,True,True,0
TXN103910,2,2026-08-19 13:05:17.572544,1231.2,28,True,True,0
TXN102386,11,2026-08-19 13:33:33.868754,628.32,779,True,True,0
TXN104077,7,2026-08-19 13:47:07.158450,4753.42,387,True,True,0
TXN102694,11,2026-08-19 13:52:26.814528,540.96,322,True,True,0
TXN100230,5,2026-08-19 14:00:28.868236,1610.97,799,True,True,0
TXN101043,4,2026-08-19 14:02:03.513218,431.09,230,True,True,0
TXN100485,2,2026-08-19 14:02:17.597928,530.77,585,True,True,0
TXN100827,10,2026-08-19 14:06:42.268838,659.4,119,True,True,0
TXN103369,1,2026-08-19 14:10:36.461308,198.79,467,True,True,0
TXN100008,2,2026-08-19 14:16:06.244307,1078.26,627,False,True,0
TXN100823,7,2026-08-19 14:18:05.625355,1461.21,504,True,True,0
TXN102639,10,2026-08-19 14:28:13.543662,993.26,627,True,True,0
TXN100787,8,2026-08-19 14:32:01.272139,960.36,774,True,True,0
TXN100576,11,2026-08-19 14:33:15.720610,680.31,428,False,True,0
TXN102419,5,2026-08-19 14:36:48.474220,1043.43,140,True,True,0
TXN100314,2,2026-08-19 14:43:12.901634,1176.78,509,True,True,0
TXN102077,5,2026-08-19 14:44:30.025148,1168.27,344,True,True,0
TXN101702,8,2026-08-19 14:48:30.951693,605.56,166,False,True,0
TXN100418,3,2026-08-19 15:02:37.400892,1565.41,8,True,True,0
TXN100542,2,2026-08-19 15:11:58.133944,1113.92,408,False,True,0
TXN102533,2,2026-08-19 15:28:03.825996,2217.54,179,True,False,0
TXN102417,3,2026-08-19 15:35:11.391530,1977.01,772,True,True,0
TXN100155,7,2026-08-19 15:37:59.061178,1866.75,765,True,True,0
TXN101434,3,2026-08-19 15:39:08.083435,2145.57,29,True,True,0
TXN102068,3,2026-08-19 15:40:54.722491,1537.87,136,True,True,0
TXN102903,7,2026-08-19 15:46:26.170233,1509.2,364,True,True,0
TXN101027,3,2026-08-19 15:51:20.045531,2546.57,700,True,True,0
TXN101302,8,2026-08-19 15:57:16.312998,420.52,667,True,True,0
TXN102701,9,2026-08-19 16:02:01.226874,206.67,257,False,True,0
TXN101682,0,2026-08-19 16:11:04.250816,1709.95,511,False,True,0
TXN100808,4,2026-08-19 16:37:40.336699,319.11,227,True,True,0
TXN101084,2,2026-08-19 17:08:39.908444,1385.01,164,True,True,0
TXN103478,4,2026-08-19 17:56:45.753508,450.81,7,True,True,0
TXN100147,2,2026-08-19 18:12:13.975079,2344.28,452,True,True,0
TXN103755,3,2026-08-19 18:34:12.679425,1316.17,284,True,True,0
TXN100887,2,2026-08-19 19:03:59.614111,1060.61,220,True,True,0
TXN100778,3,2026-08-19 19:06:03.117511,2297.83,305,True,True,0
TXN102486,2,2026-08-19 19:20:50.242448,875.78,11,True,True,0
TXN103431,9,2026-08-19 19:34:14.873033,250.98,57,True,False,0
TXN103879,0,2026-08-19 19:35:19.522742,2011.3,101,True,True,0
TXN100560,6,2026-08-19 19:38:37.852202,943.51,204,True,True,0
TXN100356,1,2026-08-19 19:46:14.662385,276.2,766,True,True,0
TXN104003,5,2026-08-19 19:48:02.556375,569.19,482,True,True,0
TXN102437,8,2026-08-19 19:52:29.900967,251.95,632,False,True,0
TXN103212,4,2026-08-19 19:56:09.224952,650.43,133,True,True,0
TXN103955,11,2026-08-19 20:00:39.263621,677.62,680,True,True,0
TXN103298,6,2026-08-19 20:03:59.017998,867.15,517,True,True,0
TXN103283,1,2026-08-19 20:04:00.229893,408.96,214,True,True,0
TXN102740,2,2026-08-19 20:05:42.804045,632.51,248,True,True,0
TXN103876,8,2026-08-19 20:38:29.391954,230.74,217,True,True,0
TXN103302,7,2026-08-19 20:57:05.412513,4415.84,758,True,True,0
TXN101718,4,2026-08-19 21:03:25.254533,1617.93,559,True,True,0
TXN102255,8,2026-08-19 21:08:11.158264,338.71,15,True,True,0
TXN103375,6,2026-08-19 21:10:48.285001,1016.67,710,True,True,0
TXN100282,8,2026-08-19 21:26:13.054157,342.82,225,True,True,0
TXN100405,6,2026-08-19 21:53:59.119058,809.7,305,True,True,0
TXN102847,4,2026-08-19 22:10:15.158219,983.89,259,True,True,0
TXN102094,1,2026-08-19 22:16:57.231274,399.22,366,True,True,0
TXN100045,11,2026-08-19 22:25:22.443905,864.13,182,False,True,0
TXN104005,11,2026-08-19 22:45:28.886668,413.46,600,True,True,0
TXN102932,1,2026-08-19 22:47:41.014680,469.58,18,True,True,0
TXN102504,0,2026-08-19 22:51:15.467296,1362.65,601,False,True,0
TXN100723,1,2026-08-19 23:27:30.059110,238.21,542,True,True,0
TXN102979,5,2026-08-19 23:32:21.695971,349.73,400,True,True,0
TXN100602,8,2026-08-20 00:26:20.617892,423.01,17,True,True,0
TXN104160,4,2026-08-20 00:30:18.828046,709.18,416,True,True,0
TXN100462,8,2026-08-20 00:33:06.810821,402.37,3,True,True,0
TXN100783,1,2026-08-20 00:35:08.925505,470.88,170,True,True,0
TXN101750,11,2026-08-20 00:40:49.518356,492.99,464,True,True,0
TXN102761,5,2026-08-20 00:47:21.306123,807.88,487,True,True,0
TXN102964,8,2026-08-20 01:09:22.942988,188.66,693,True,True,0
TXN103328,4,2026-08-20 01:17:45.653997,543.91,318,True,True,0
TXN103558,2,2026-08-20 01:29:51.854306,528.82,534,True,True,0
TXN101770,4,2026-08-20 01:50:51.880344,947.63,405,True,True,0
TXN101728,5,2026-08-20 01:53:04.932726,1453.63,656,True,True,0
TXN102780,3,2026-08-20 02:24:01.508474,2459.97,356,True,True,0
TXN100275,5,2026-08-20 02:31:50.442825,2122.71,453,True,True,0
TXN100852,11,2026-08-20 02:38:15.136202,1775.75,307,True,True,0
TXN101168,11,2026-08-20 02:42:46.441919,1098.15,725,True,True,0
TXN102124,8,2026-08-20 02:53:55.355613,1399.56,539,True,True,0
TXN104033,3,2026-08-20 02:57:25.605289,2625.56,252,True,True,0
TXN100402,3,2026-08-20 03:02:44.004158,3087.34,775,True,True,0
TXN103137,5,2026-08-20 03:19:28.300007,634.51,262,True,True,0
TXN100811,10,2026-08-20 03:34:56.780271,356.82,258,True,True,0
TXN101787,1,2026-08-20 03:48:17.017494,161.52,295,True,True,0
TXN104138,10,2026-08-20 03:59:45.160566,627.51,615,True,True,0
TXN101082,11,2026-08-20 04:10:35.745236,671.52,482,True,True,0
TXN102152,10,2026-08-20 04:23:43.089601,877.47,486,True,True,0
TXN103095,9,2026-08-20 04:27:22.578070,330.0,408,True,True,0
TXN102918,10,2026-08-20 04:30:00.089500,1787.56,402,True,True,0
TXN101807,5,2026-08-20 04:38:27.710107,792.86,320,True,True,0
TXN100149,0,2026-08-20 04:38:48.314258,706.99,475,True,True,0
TXN103772,6,2026-08-20 04:44:59.316805,693.56,227,True,True,0
TXN100218,5,2026-08-20 04:50:34.772158,1163.51,362,True,True,0
TXN101475,3,2026-08-20 04:55:48.439121,1741.22,590,True,True,0
TXN100142,3,2026-08-20 05:00:09.200259,1983.55,684,True,True,0
TXN101480,1,2026-08-20 05:02:35.335898,229.75,142,True,True,0
TXN103611,8,2026-08-20 05:11:53.435179,212.76,88,True,True,0
TXN102907,11,2026-08-20 05:18:10.516621,1165.65,721,True,True,0
TXN103076,1,2026-08-20 05:20:27.489699,75.69,355,False,True,0
TXN101162,10,2026-08-20 05:39:00.025429,669.79,3,True,True,0
TXN102692,10,2026-08-20 05:57:35.288505,1059.47,119,True,True,0
TXN100464,0,2026-08-20 06:04:18.074309,831.5,365,True,True,0
TXN101525,0,2026-08-20 06:10:27.677255,1063.61,641,True,True,0
TXN104017,1,2026-08-20 06:22:59.821259,380.91,618,True,True,0
TXN100320,3,2026-08-20 06:32:26.303005,1172.36,735,True,True,0
TXN103541,6,2026-08-20 06:59:15.497507,915.15,222,True,True,0
TXN101242,11,2026-08-20 07:08:22.022030,1010.81,153,True,True,0
TXN103312,11,2026-08-20 07:16:26.196350,606.79,145,True,True,0
TXN104166,5,2026-08-20 07:23:38.975787,1560.89,624,True,True,0
TXN100841,7,2026-08-20 07:36:53.732196,3155.53,524,True,True,0
TXN102360,7,2026-08-20 08:22:31.819941,2564.15,249,True,True,0
TXN100559,10,2026-08-20 08:40:21.057446,524.44,691,True,True,0
TXN102186,3,2026-08-20 08:58:24.179116,1283.19,677,True,True,0
TXN101368,11,2026-08-20 09:03:05.847690,750.0,324,False,True,0
TXN101513,3,2026-08-20 09:08:09.660924,2106.12,341,True,True,0
TXN102144,4,2026-08-20 09:09:26.081297,693.18,227,True,True,0
TXN101655,2,2026-08-20 09:18:24.515691,1257.64,202,True,True,0
TXN101762,0,2026-08-20 09:19:07.230959,1223.81,796,False,True,0
TXN101986,9,2026-08-20 09:24:22.367749,322.5,3,True,True,0
TXN100609,10,2026-08-20 09:26:25.317587,613.1,148,True,True,0
TXN101593,0,2026-08-20 09:43:11.070004,692.81,560,True,False,0
TXN103143,6,2026-08-20 09:49:52.157921,837.33,513,True,True,0
TXN102207,10,2026-08-20 09:51:53.757965,841.88,532,True,True,0
TXN101338,9,2026-08-20 10:00:33.171716,573.43,151,True,True,0
TXN100463,5,2026-08-20 10:06:56.064006,1740.44,734,True,True,0
TXN102456,10,2026-08-20 10:17:40.548374,810.39,775,True,True,0
TXN102189,7,2026-08-20 10:22:11.080180,1200.33,711,True,True,0
TXN103079,5,2026-08-20 10:25:15.402124,436.95,387,True,True,0
TXN102904,7,2026-08-20 10:47:57.152985,2112.05,743,True,True,0
TXN103616,0,2026-08-20 10:54:50.719375,2812.74,666,True,True,0
TXN103998,8,2026-08-20 11:16:07.790702,621.78,281,True,True,0
TXN102556,9,2026-08-20 11:19:25.468554,331.87,564,False,True,0
TXN101508,10,2026-08-20 11:24:30.968697,666.56,146,True,True,0
TXN100292,11,2026-08-20 11:44:16.734775,835.89,410,True,True,0
TXN103075,8,2026-08-20 11:45:01.243914,442.32,372,True,True,0
TXN102163,10,2026-08-20 12:04:47.825606,494.8,339,True,True,0
TXN103485,0,2026-08-20 12:22:58.308283,1561.7,479,False,True,0
TXN103041,3,2026-08-20 12:26:48.760965,2486.99,392,True,True,0
TXN100390,8,2026-08-20 12:42:49.825454,506.68,418,True,True,0
TXN102822,1,2026-08-20 12:46:10.089244,704.77,101,True,True,0
TXN100287,6,2026-08-20 12:47:24.139308,1000.79,135,True,True,0
TXN103522,9,2026-08-20 12:54:17.949869,501.34,75,True,True,0
TXN102711,0,2026-08-20 12:54:50.611927,712.81,265,True,True,0
TXN100411,2,2026-08-20 13:30:37.650557,445.0,131,True,True,0
TXN100339,11,2026-08-20 13:44:46.536560,461.06,594,True,True,0
TXN101920,4,2026-08-20 13:46:10.625126,603.09,388,True,True,0
TXN100680,8,2026-08-20 14:03:15.208499,865.34,83,True,True,0
TXN103386,9,2026-08-20 14:23:53.120353,219.32,232,True,True,0
TXN103359,6,2026-08-20 14:27:49.503220,1458.18,37,True,True,0
TXN102630,11,2026-08-20 14:39:40.760775,851.5,694,True,True,0
TXN101544,2,2026-08-20 14:40:59.068833,1205.24,658,True,True,0
TXN103105,3,2026-08-20 15:09:28.768226,2291.62,575,True,True,0
TXN102313,0,2026-08-20 15:09:58.951201,860.92,768,True,True,0
TXN103548,3,2026-08-20 15:10:20.752537,3291.97,268,True,True,0
TXN102171,8,2026-08-20 15:13:42.707018,536.6,690,True,True,0
TXN103620,11,2026-08-20 15:16:37.092469,298.73,350,True,True,0
TXN100527,1,2026-08-20 15:31:37.667331,401.99,109,True,True,0
TXN103186,9,2026-08-20 15:31:43.880075,691.51,516,True,True,0
TXN102936,9,2026-08-20 15:36:01.825571,291.77,625,True,True,0
TXN103968,7,2026-08-20 16:11:38.952672,2165.74,67,True,True,0
TXN103317,4,2026-08-20 16:12:15.871862,589.2,336,True,True,0
TXN101277,9,2026-08-20 16:16:15.603475,787.99,490,False,False,0
TXN101948,0,2026-08-20 16:18:12.258024,2580.24,654,False,True,0
TXN102553,2,2026-08-20 16:22:45.287102,4815.2,247,True,True,0
TXN103131,5,2026-08-20 16:23:58.006982,1049.81,716,True,True,0
TXN100288,6,2026-08-20 16:28:35.812150,1125.46,518,True,True,0
TXN103126,9,2026-08-20 16:36:14.261298,437.65,41,True,True,0
TXN101782,0,2026-08-20 17:01:40.176209,4289.71,201,True,True,0
TXN101141,4,2026-08-20 17:12:38.177297,1046.19,737,True,True,0
TXN103167,3,2026-08-20 17:19:47.993070,1215.64,768,True,True,0
TXN100873,1,2026-08-20 17:30:02.524571,260.05,163,True,True,0
TXN100368,0,2026-08-20 17:40:49.608144,1147.63,729,True,True,0
TXN103960,11,2026-08-20 17:45:16.278439,912.16,579,True,True,0
TXN102573,4,2026-08-20 18:13:25.623580,650.11,163,True,True,0
TXN100658,0,2026-08-20 18:14:33.522208,1192.78,646,True,True,0
TXN101905,2,2026-08-20 18:15:14.093118,562.3,121,True,True,0
TXN101524,7,2026-08-20 18:18:30.682765,1355.75,376,True,True,0
TXN102125,3,2026-08-20 18:41:49.967493,2631.78,548,False,True,0
TXN102983,9,2026-08-20 18:42:08.294938,338.39,549,True,True,0
TXN101321,3,2026-08-20 19:14:24.750081,1575.15,684,False,True,0
TXN100910,9,2026-08-20 19:18:50.908447,397.31,184,True,True,0
TXN103060,2,2026-08-20 19:26:31.273707,2577.97,772,True,True,0
TXN102396,11,2026-08-20 19:30:15.585456,692.16,602,True,True,0
TXN103774,5,2026-08-20 19:34:56.997617,496.39,29,True,True,0
TXN101020,0,2026-08-20 19:39:33.091558,1577.95,374,True,True,0
TXN103456,9,2026-08-20 19:40:36.812475,466.78,732,True,True,0
TXN102007,1,2026-08-20 19:42:09.719957,293.35,610,True,True,0
TXN101394,2,2026-08-20 19:47:55.976383,1808.03,489,True,True,0
TXN100146,0,2026-08-20 19:51:02.010046,1779.37,391,True,True,0
TXN103667,2,2026-08-20 19:54:02.884298,2438.8,179,True,True,0
TXN103203,1,2026-08-20 20:11:17.820691,460.28,234,False,True,0
TXN101704,11,2026-08-20 20:13:51.368460,1034.54,151,True,False,0
TXN103057,1,2026-08-20 20:21:18.593074,269.74,724,True,True,0
TXN104101,11,2026-08-20 20:27:28.845829,993.68,119,True,True,0
TXN103590,1,2026-08-20 20:28:00.504448,291.56,288,True,True,0
TXN102872,9,2026-08-20 20:32:00.979683,146.96,645,False,True,0
TXN101634,4,2026-08-20 20:44:51.658126,445.72,447,True,True,0
TXN102038,11,2026-08-20 21:23:12.795542,1793.11,255,True,True,0
TXN102361,9,2026-08-20 21:27:13.083803,369.09,89,True,True,0
TXN100200,4,2026-08-20 21:30:19.877073,1221.39,9,True,True,0
TXN104059,7,2026-08-20 21:41:44.658589,1544.51,625,True,True,0
TXN100693,11,2026-08-20 21:42:08.282244,1034.4,349,True,True,0
TXN101019,1,2026-08-20 21:47:57.327559,251.16,669,True,True,0
TXN104063,6,2026-08-20 21:56:10.673125,1939.47,8,True,True,0
TXN101450,3,2026-08-20 22:23:04.516064,1368.64,605,False,True,0
TXN100442,1,2026-08-20 22:39:12.489680,380.28,35,True,True,0
TXN103417,10,2026-08-20 22:40:58.728732,696.86,704,True,True,0
TXN103603,7,2026-08-20 22:51:43.578860,1289.79,179,True,True,0
TXN102223,5,2026-08-20 22:52:06.365282,949.11,502,True,True,0
TXN101144,3,2026-08-20 22:53:38.513381,1211.53,206,True,True,0
TXN101005,11,2026-08-20 23:02:48.810711,1092.28,464,True,True,0
TXN102883,0,2026-08-20 23:43:15.636524,1076.61,417,True,True,0
TXN101494,4,2026-08-20 23:48:56.933887,544.51,771,False,True,0
TXN102703,10,2026-08-21 00:21:18.387381,326.78,574,True,True,0
TXN102531,9,2026-08-21 00:21:32.787371,283.12,80,True,True,0
TXN100508,3,2026-08-21 00:25:58.997611,1746.33,607,False,True,0
TXN100868,5,2026-08-21 00:30:56.405037,1717.99,404,True,True,0
TXN103208,5,2026-08-21 00:32:25.884147,1360.86,17,True,False,0
TXN100798,3,2026-08-21 01:00:08.952799,7358.27,646,True,True,0
TXN102035,10,2026-08-21 01:03:28.034689,916.72,169,True,True,0
TXN102443,2,2026-08-21 01:07:50.109519,776.93,678,True,True,0
TXN100491,10,2026-08-21 01:23:23.675042,241.95,574,True,True,0
TXN100254,7,2026-08-21 01:37:58.856870,1556.85,116,True,True,0
TXN104057,6,2026-08-21 01:41:57.318184,1634.9,541,True,True,0
TXN103145,6,2026-08-21 01:44:08.480995,1232.81,727,True,True,0
TXN102975,5,2026-08-21 01:44:09.228101,1015.85,13,True,True,0
TXN100375,1,2026-08-21 01:51:31.990294,329.17,628,False,True,0
TXN101469,0,2026-08-21 02:17:06.278429,1380.01,282,True,True,0
TXN103982,8,2026-08-21 02:27:30.095425,371.02,583,True,True,0
TXN103617,4,2026-08-21 02:49:06.493145,680.75,738,False,True,0
TXN101803,3,2026-08-21 03:38:58.851312,1865.6,351,False,True,0
TXN100763,11,2026-08-21 04:12:53.460003,309.3,767,True,True,0
TXN102104,10,2026-08-21 04:13:42.673096,889.06,294,True,True,0
TXN103446,3,2026-08-21 05:06:45.210818,1603.58,27,True,True,0
TXN100455,6,2026-08-21 05:07:06.944915,915.57,293,True,True,0
TXN103341,3,2026-08-21 05:07:41.468250,721.4,145,True,False,0
TXN100394,8,2026-08-21 05:11:58.872662,185.82,516,True,True,0
TXN103138,5,2026-08-21 05:33:17.398496,559.26,62,True,True,0
TXN100091,9,2026-08-21 05:49:39.079405,400.21,775,True,True,0
TXN103658,4,2026-08-21 05:52:06.099168,4035.95,6,True,True,0
TXN102908,1,2026-08-21 06:10:36.259712,80.81,512,True,True,0
TXN102315,0,2026-08-21 06:19:13.076145,2883.05,549,True,True,0
TXN102123,7,2026-08-21 06:27:40.170350,1238.71,221,True,True,0
TXN100486,4,2026-08-21 06:54:19.556637,779.73,470,True,True,0
TXN100933,7,2026-08-21 06:57:58.294168,2684.74,451,True,True,0
TXN103430,2,2026-08-21 07:04:33.858642,1465.71,576,True,True,0
TXN104091,0,2026-08-21 07:09:47.458762,475.22,115,True,True,0
TXN100875,6,2026-08-21 07:13:42.904379,2318.1,92,True,True,0
TXN100224,8,2026-08-21 07:25:27.648784,219.84,540,True,True,0
TXN101562,2,2026-08-21 07:27:52.495262,773.44,110,True,True,0
TXN102036,7,2026-08-21 07:37:44.140945,1941.25,180,True,True,0
TXN100358,1,2026-08-21 07:43:19.947754,255.61,598,True,True,0
TXN103500,0,2026-08-21 07:43:55.985667,1406.39,63,True,True,0
TXN103753,3,2026-08-21 07:58:24.466772,1984.35,119,True,True,0
TXN102410,6,2026-08-21 08:00:38.758623,1317.47,186,True,True,0
TXN104072,10,2026-08-21 08:10:32.121804,243.72,43,True,True,0
TXN101236,0,2026-08-21 08:19:49.100599,3056.79,174,True,True,0
TXN100644,9,2026-08-21 08:22:45.743688,320.23,146,True,True,0
TXN101463,0,2026-08-21 08:46:59.437023,504.74,308,True,True,0
TXN101996,6,2026-08-21 08:48:11.203785,1735.29,139,True,True,0
TXN103470,2,2026-08-21 08:58:04.410234,689.93,568,True,True,0
TXN101304,7,2026-08-21 08:58:12.367175,1896.88,348,True,True,0
TXN103796,8,2026-08-21 09:02:07.732699,885.23,746,True,True,0
TXN104035,0,2026-08-21 09:09:16.846188,926.97,458,True,True,0
TXN102348,2,2026-08-21 09:13:59.659921,843.77,41,True,True,0
TXN100709,5,2026-08-21 09:43:39.000802,818.06,45,True,True,0
TXN101916,3,2026-08-21 09:52:26.641022,1402.48,542,False,True,0
TXN101125,10,2026-08-21 09:55:18.871708,339.44,449,True,True,0
TXN102590,0,2026-08-21 10:07:26.106836,1045.56,672,True,True,0
TXN100747,3,2026-08-21 10:12:44.576217,1291.5,20,True,True,0
TXN102931,8,2026-08-21 10:21:12.397557,408.07,186,True,True,0
TXN103678,6,2026-08-21 10:26:55.759208,1413.77,13,True,True,0
TXN101116,11,2026-08-21 10:30:08.684938,336.12,510,True,True,0
TXN103027,8,2026-08-21 10:36:24.543391,247.89,132,True,True,0
TXN102717,8,2026-08-21 10:37:14.719195,316.71,621,True,True,0
TXN100907,2,2026-08-21 10:42:15.555969,1210.17,390,True,True,0
TXN100028,6,2026-08-21 10:50:09.355434,1535.41,347,True,True,0
TXN100065,3,2026-08-21 10:53:08.882672,1673.74,614,True,True,0
TXN102178,7,2026-08-21 11:00:42.931820,1223.66,713,False,True,0
TXN100851,9,2026-08-21 11:00:47.956307,745.22,439,True,True,0
TXN102251,6,2026-08-21 11:12:13.035573,1385.33,210,True,True,0
TXN101261,11,2026-08-21 11:29:06.310200,952.53,705,True,True,0
TXN101477,4,2026-08-21 11:41:07.915756,762.08,170,False,True,0
TXN101764,6,2026-08-21 11:51:31.217091,580.89,93,True,False,0
TXN100786,0,2026-08-21 11:54:41.053634,2229.83,612,True,False,0
TXN102239,10,2026-08-21 11:54:59.289974,694.68,96,True,True,0
TXN101930,1,2026-08-21 12:07:42.517815,226.36,353,True,True,0
TXN103931,0,2026-08-21 12:15:39.090997,1219.47,487,True,True,0
TXN103932,8,2026-08-21 12:24:59.890332,1085.5,291,True,True,0
TXN101881,3,2026-08-21 12:29:15.709700,3064.91,232,True,False,0
TXN100988,2,2026-08-21 12:48:58.187895,1183.23,113,True,True,0
TXN100614,8,2026-08-21 13:02:35.710717,607.94,532,True,True,0
TXN102664,2,2026-08-21 13:04:26.350741,1043.75,770,True,True,0
TXN102032,1,2026-08-21 13:07:20.425324,478.36,126,True,True,0
TXN103356,0,2026-08-21 13:18:54.722175,598.52,214,True,True,0
TXN102974,0,2026-08-21 13:19:34.470108,621.51,93,True,True,0
TXN101283,9,2026-08-21 13:38:51.823264,443.8,399,True,True,0
TXN101033,3,2026-08-21 13:46:59.138300,4360.92,497,False,True,0
TXN104149,4,2026-08-21 13:56:02.201868,1204.28,9,True,True,0
TXN100061,8,2026-08-21 14:07:21.531424,1460.22,131,True,True,0
TXN103869,8,2026-08-21 14:12:23.558637,219.42,569,True,True,0
TXN101812,8,2026-08-21 14:15:49.607131,568.42,254,True,True,0
TXN101072,9,2026-08-21 14:23:00.212551,577.41,774,True,True,0
TXN103313,2,2026-08-21 14:23:56.142592,1084.09,184,True,True,0
TXN103351,11,2026-08-21 14:33:32.266368,965.53,209,True,True,0
TXN101529,11,2026-08-21 14:34:44.432279,588.87,4,True,True,0
TXN103669,2,2026-08-21 14:34:58.735817,1038.8,420,True,True,0
TXN102969,7,2026-08-21 14:46:05.820528,2958.87,642,True,True,0
TXN102170,0,2026-08-21 14:58:40.253486,1471.47,192,True,True,0
TXN103227,4,2026-08-21 15:13:47.175311,975.09,190,True,True,0
TXN101391,6,2026-08-21 15:19:57.340765,1147.49,154,True,True,0
TXN102647,9,2026-08-21 15:26:58.013680,590.18,229,True,True,0
TXN102337,9,2026-08-21 15:38:29.514293,240.55,326,True,True,0
TXN102973,11,2026-08-21 15:48:31.820968,311.31,787,True,True,0
TXN100870,5,2026-08-21 15:52:45.479793,257.48,158,True,True,0
TXN103320,1,2026-08-21 16:00:23.584215,563.69,122,True,True,0
TXN100226,9,2026-08-21 16:03:16.456913,599.71,622,True,True,0
TXN101964,9,2026-08-21 16:10:06.431667,373.87,306,True,True,0
TXN101870,0,2026-08-21 16:17:29.230909,1210.21,567,True,True,0
TXN102897,7,2026-08-21 16:33:51.636806,2024.13,16,False,True,0
TXN102530,10,2026-08-21 16:35:44.791885,1067.08,750,True,True,0
TXN102130,8,2026-08-21 16:45:30.315186,317.83,672,True,True,0
TXN100452,5,2026-08-21 17:00:04.984919,2077.07,477,True,True,0
TXN101838,2,2026-08-21 17:05:38.885762,1094.83,552,True,True,0
TXN103133,0,2026-08-21 17:08:05.480036,807.72,9,True,True,0
TXN102642,2,2026-08-21 17:24:12.834554,1032.35,103,True,True,0
TXN103981,1,2026-08-21 17:36:00.168999,492.71,291,True,True,0
TXN102646,6,2026-08-21 17:40:57.179318,770.26,56,True,True,0
TXN103771,3,2026-08-21 17:51:43.796979,2532.6,605,True,True,0
TXN102763,0,2026-08-21 17:51:45.616341,2071.74,217,False,True,0
TXN103134,8,2026-08-21 17:54:48.887378,434.09,67,True,True,0
TXN102736,6,2026-08-21 18:12:29.400893,1337.44,384,True,True,0
TXN100691,9,2026-08-21 18:29:05.609302,466.42,376,True,True,0
TXN102021,7,2026-08-21 18:45:03.507684,1183.8,91,True,True,0
TXN101255,1,2026-08-21 19:21:21.846709,142.36,320,True,True,0
TXN101348,8,2026-08-21 19:23:01.594836,405.06,790,True,True,0
TXN100668,11,2026-08-21 19:36:42.162528,564.16,494,True,True,0
TXN102745,4,2026-08-21 19:41:39.879712,851.21,649,True,True,0
TXN103664,6,2026-08-21 20:11:47.405142,522.93,384,True,True,0
TXN101091,5,2026-08-21 20:12:16.192745,3852.97,236,True,True,0
TXN102078,3,2026-08-21 20:31:44.445333,1317.51,796,True,True,0
TXN100022,2,2026-08-21 20:32:23.351984,972.53,207,True,True,0
TXN103854,5,2026-08-21 21:06:17.850307,874.49,406,True,True,0
TXN101191,3,2026-08-21 21:16:44.214041,1152.96,399,True,True,0
TXN101786,2,2026-08-21 21:24:50.439198,848.0,632,True,True,0
TXN103528,2,2026-08-21 21:38:44.831668,1495.86,783,True,True,0
TXN100705,6,2026-08-21 21:46:21.937183,1654.14,269,True,True,0
TXN102811,3,2026-08-21 21:48:41.004548,2546.05,625,True,True,0
TXN101186,1,2026-08-21 22:01:17.013373,310.8,667,True,True,0
TXN103044,2,2026-08-21 22:14:45.728881,1666.17,336,True,True,0
TXN101379,6,2026-08-21 22:15:08.056470,1772.55,533,True,True,0
TXN100686,4,2026-08-21 22:16:41.846155,676.04,293,True,True,0
TXN102519,11,2026-08-21 23:12:14.736280,613.32,111,True,True,0
TXN101586,9,2026-08-21 23:13:00.975014,385.31,767,True,True,0
TXN102585,6,2026-08-21 23:30:21.820667,635.78,304,True,True,0
TXN103176,7,2026-08-21 23:32:39.112584,1256.69,459,True,True,0
TXN104159,0,2026-08-21 23:35:27.703760,1103.4,616,True,True,0
TXN101739,2,2026-08-21 23:36:23.909447,2008.91,409,False,True,0
TXN103120,7,2026-08-21 23:37:09.960052,1998.4,7,True,True,0
TXN100337,3,2026-08-21 23:50:45.762149,1834.27,695,True,True,0
TXN102197,10,2026-08-21 23:53:17.672896,547.27,678,False,True,0
TXN100204,5,2026-08-22 00:08:24.036414,806.72,105,True,True,0
TXN102220,11,2026-08-22 00:08:32.140603,1656.82,249,False,True,0
TXN101745,11,2026-08-22 00:25:22.660989,812.63,32,True,True,0
TXN103723,11,2026-08-22 00:57:43.630309,493.99,4,True,True,0
TXN101536,1,2026-08-22 01:15:49.809444,1064.66,619,True,True,0
TXN103929,8,2026-08-22 01:26:13.273792,298.86,52,True,True,0
TXN101360,0,2026-08-22 01:28:33.785824,1315.34,44,False,True,0
TXN103749,10,2026-08-22 01:48:03.870872,1016.23,167,True,True,0
TXN101407,10,2026-08-22 02:22:15.093638,1195.23,633,True,True,0
TXN100144,11,2026-08-22 02:22:17.677799,572.15,483,True,True,0
TXN100323,10,2026-08-22 02:31:00.464761,1211.82,229,True,True,0
TXN102346,3,2026-08-22 02:33:56.893844,1489.56,54,True,True,0
TXN100139,5,2026-08-22 02:54:18.629435,1739.14,15,True,True,0
TXN103937,5,2026-08-22 03:01:29.061477,1560.47,721,True,True,0
TXN101343,6,2026-08-22 03:07:14.401133,1304.91,756,True,True,0
TXN101128,6,2026-08-22 03:27:54.550201,565.03,327,True,False,0
TXN101627,7,2026-08-22 03:35:00.029795,676.03,432,True,True,0
TXN103954,7,2026-08-22 03:43:48.043587,1640.93,786,True,True,0
TXN103342,1,2026-08-22 03:44:42.229310,322.75,127,True,True,0
TXN100756,8,2026-08-22 04:00:24.556754,562.58,70,True,True,0
TXN103711,11,2026-08-22 04:09:56.034953,753.61,764,True,True,0
TXN102797,6,2026-08-22 04:18:57.381897,1422.71,283,True,True,0
TXN101405,1,2026-08-22 04:24:40.005841,146.77,766,True,True,0
TXN103151,2,2026-08-22 04:34:53.189134,830.91,634,True,True,0
TXN104199,2,2026-08-22 04:37:30.573825,1261.01,406,True,True,0
TXN102320,1,2026-08-22 04:37:40.184505,262.77,231,True,True,0
TXN101223,7,2026-08-22 04:41:04.585877,1454.69,151,True,True,0
TXN101983,9,2026-08-22 04:44:55.977497,310.2,315,True,True,0
TXN101828,7,2026-08-22 04:51:37.588848,1050.94,153,True,True,0
TXN100020,6,2026-08-22 04:53:10.179095,1503.74,730,True,True,0
TXN102253,6,2026-08-22 05:02:46.314866,634.81,792,True,True,0
TXN104191,4,2026-08-22 05:23:54.210555,460.78,371,True,True,0
TXN101984,7,2026-08-22 05:25:29.290086,1837.43,73,True,True,0
TXN101623,0,2026-08-22 05:36:20.665285,4054.02,546,True,True,0
TXN101868,0,2026-08-22 05:43:03.067185,1889.02,209,True,True,0
TXN101701,2,2026-08-22 06:43:49.241513,1951.27,463,True,True,0
TXN102241,7,2026-08-22 06:56:46.139940,2029.25,77,True,True,0
TXN101218,9,2026-08-22 06:57:02.827873,650.65,121,True,True,0
TXN103844,11,2026-08-22 07:10:32.876071,1407.88,191,False,True,0
TXN103376,6,2026-08-22 07:12:55.696225,524.39,137,True,False,0
TXN103793,7,2026-08-22 07:16:34.646749,3146.51,672,True,True,0
TXN102709,10,2026-08-22 07:38:04.251905,613.89,80,True,True,0
TXN102191,4,2026-08-22 07:39:09.564484,345.28,665,True,True,0
TXN102922,1,2026-08-22 08:08:56.936037,364.79,253,True,True,0
TXN103626,9,2026-08-22 08:14:58.127390,284.25,314,True,True,0
TXN100444,6,2026-08-22 08:32:44.561095,874.46,238,True,True,0
TXN103505,10,2026-08-22 08:35:29.438140,1064.89,653,True,True,0
TXN101087,11,2026-08-22 09:03:24.254773,876.34,170,True,True,0
TXN103788,11,2026-08-22 09:12:02.569176,343.5,82,False,True,0
TXN101516,5,2026-08-22 09:21:42.755618,2829.88,518,True,True,0
TXN103964,2,2026-08-22 09:25:30.305103,408.61,295,True,True,0
TXN101205,10,2026-08-22 09:26:47.806664,1186.85,336,True,True,0
TXN101880,4,2026-08-22 09:28:41.271212,802.53,505,True,True,0
TXN102451,10,2026-08-22 09:31:53.532987,1035.76,113,True,True,0
TXN104110,0,2026-08-22 09:37:07.555835,1231.96,381,True,True,0
TXN101462,0,2026-08-22 09:39:50.916261,562.52,393,True,True,0
TXN100790,1,2026-08-22 09:54:18.576350,698.68,186,True,True,0
TXN103251,8,2026-08-22 10:06:35.098570,708.11,268,True,True,0
TXN103121,11,2026-08-22 10:09:52.565599,967.54,698,True,True,0
TXN101443,5,2026-08-22 10:11:10.618711,1330.96,266,True,True,0
TXN102582,3,2026-08-22 10:11:31.393888,1087.1,209,True,True,0
TXN102142,11,2026-08-22 10:23:08.755104,1108.05,673,True,True,0
TXN103828,8,2026-08-22 10:41:24.204761,877.01,8,True,True,0
TXN103660,6,2026-08-22 10:51:07.611298,1124.19,253,True,True,0
TXN100248,9,2026-08-22 10:57:51.346564,348.52,46,True,True,0
TXN101909,11,2026-08-22 11:10:15.245024,508.94,346,True,True,0
TXN101967,5,2026-08-22 11:11:31.727357,1358.79,740,True,True,0
TXN100772,0,2026-08-22 11:16:13.664034,1223.61,588,True,True,0
TXN103002,11,2026-08-22 11:16:25.080301,1109.82,488,True,True,0
TXN100848,9,2026-08-22 11:20:03.079598,110.85,386,True,True,0
TXN100816,0,2026-08-22 11:28:58.170606,1704.66,449,False,True,0
TXN102928,2,2026-08-22 11:29:02.112043,875.89,59,True,True,0
TXN103074,6,2026-08-22 11:39:55.077427,1288.98,60,True,True,0
TXN100203,8,2026-08-22 11:45:40.512631,192.46,212,True,True,0
TXN103185,11,2026-08-22 11:46:46.536063,677.2,523,True,True,0
TXN102982,9,2026-08-22 12:00:19.420189,200.55,277,True,True,0
TXN102101,8,2026-08-22 12:10:56.133855,274.32,481,True,True,0
TXN100165,9,2026-08-22 12:21:31.744836,431.93,510,True,True,0
TXN103380,9,2026-08-22 12:32:26.929722,237.9,273,True,True,0
TXN100476,10,2026-08-22 12:36:51.255728,847.42,613,True,True,0
TXN101503,3,2026-08-22 12:53:14.859091,2036.76,468,False,True,0
TXN101740,5,2026-08-22 13:21:01.589145,272.64,176,True,True,0
TXN102940,8,2026-08-22 13:21:10.931772,218.71,200,True,True,0
TXN101800,0,2026-08-22 13:22:46.668042,631.4,173,True,True,0
TXN101171,7,2026-08-22 13:23:06.302343,3084.92,169,True,True,0
TXN100521,1,2026-08-22 13:25:44.076405,331.25,261,True,True,0
TXN103790,1,2026-08-22 13:27:03.770547,277.02,270,True,True,0
TXN100643,5,2026-08-22 13:34:01.225150,1178.32,111,True,True,0
TXN104104,0,2026-08-22 13:46:39.615592,3089.69,624,True,True,0
TXN101696,5,2026-08-22 13:47:34.695313,1480.91,698,True,True,0
TXN100930,6,2026-08-22 13:57:45.018389,695.02,386,True,True,0
TXN102978,3,2026-08-22 14:23:44.391021,645.29,156,True,True,0
TXN102127,7,2026-08-22 14:26:16.095324,2377.39,690,True,True,0
TXN102826,4,2026-08-22 14:30:42.099989,395.22,300,True,True,0
TXN102651,10,2026-08-22 14:34:59.101594,1067.02,146,True,True,0
TXN101900,6,2026-08-22 14:43:43.618202,682.05,80,True,True,0
TXN101678,11,2026-08-22 14:48:39.149117,974.97,380,True,True,0
TXN104071,9,2026-08-22 15:00:35.338568,199.62,125,True,True,0
TXN103406,4,2026-08-22 15:10:42.559955,648.02,456,True,True,0
TXN100514,11,2026-08-22 15:18:03.597220,1411.87,672,True,True,0
TXN102579,6,2026-08-22 15:19:34.748675,998.27,699,True,True,0
TXN103199,3,2026-08-22 15:37:47.008056,974.07,321,True,True,0
TXN103623,5,2026-08-22 15:43:05.948736,1367.98,552,True,True,0
TXN102839,11,2026-08-22 15:44:22.787731,2037.79,215,True,True,0
TXN103479,9,2026-08-22 15:49:02.080144,328.04,400,True,False,0
TXN103016,6,2026-08-22 15:51:18.148351,740.91,692,True,True,0
TXN103425,11,2026-08-22 16:04:52.263333,625.94,466,True,True,0
TXN103933,8,2026-08-22 16:12:52.524892,536.28,632,True,True,0
TXN101632,1,2026-08-22 16:20:54.457097,292.56,514,True,True,0
TXN104037,7,2026-08-22 16:24:21.453032,1347.02,313,True,True,0
TXN103472,8,2026-08-22 16:24:39.092262,160.47,229,True,True,0
TXN101579,7,2026-08-22 16:27:42.894647,1554.05,539,True,True,0
TXN101217,8,2026-08-22 16:39:23.024209,366.68,117,True,True,0
TXN103018,7,2026-08-22 16:46:43.270359,1595.92,777,True,True,0
TXN100715,9,2026-08-22 16:52:26.831664,719.08,4,True,True,0
TXN100211,8,2026-08-22 16:56:49.293700,255.71,37,True,True,0
TXN103346,7,2026-08-22 17:02:44.555108,3392.09,488,True,True,0
TXN103882,6,2026-08-22 17:03:38.244569,653.85,512,True,True,0
TXN101423,8,2026-08-22 17:19:36.595435,506.66,115,True,False,0
TXN100522,2,2026-08-22 17:24:23.971099,2487.34,580,True,True,0
TXN102836,11,2026-08-22 17:29:00.356685,736.42,334,True,True,0
TXN101591,4,2026-08-22 17:30:26.291501,732.63,31,False,True,0
TXN100272,1,2026-08-22 17:33:19.009464,482.4,57,True,True,0
TXN103352,1,2026-08-22 18:11:01.385584,513.25,190,True,True,0
TXN100773,8,2026-08-22 18:15:18.789412,881.17,156,True,True,0
TXN101585,3,2026-08-22 18:23:33.368224,3257.06,178,True,True,0
TXN100553,3,2026-08-22 18:27:01.011188,1083.77,523,True,True,0
TXN100106,9,2026-08-22 19:00:23.041067,197.73,542,True,True,0
TXN102413,7,2026-08-22 19:05:39.976448,2603.72,145,True,True,0
TXN103053,4,2026-08-22 19:11:26.857733,577.76,507,True,True,0
TXN100587,1,2026-08-22 19:29:03.857804,604.74,346,True,True,0
TXN100528,10,2026-08-22 19:38:13.607066,987.16,282,True,True,0
TXN100239,7,2026-08-22 19:41:10.979131,2143.71,795,False,True,0
TXN103593,6,2026-08-22 19:44:22.184135,1023.38,659,True,True,0
TXN103407,7,2026-08-22 19:47:15.168294,2258.49,644,True,True,0
TXN102866,3,2026-08-22 19:50:08.176981,1010.46,219,True,True,0
TXN101874,4,2026-08-22 19:54:01.752053,1725.53,49,True,True,0
TXN101006,10,2026-08-22 20:07:17.847682,766.79,577,True,True,0
TXN102552,2,2026-08-22 20:12:43.785484,744.36,665,True,True,0
TXN102465,2,2026-08-22 20:21:57.384471,1935.62,777,True,True,0
TXN102063,8,2026-08-22 20:23:41.856186,435.35,750,True,True,0
TXN101386,6,2026-08-22 20:33:46.586429,1449.93,46,True,True,0
TXN103550,5,2026-08-22 20:33:48.719566,833.25,154,True,True,0
TXN103154,0,2026-08-22 20:33:54.292892,1472.91,113,False,True,0
TXN100740,9,2026-08-22 20:46:41.417249,357.83,15,True,True,0
TXN100507,2,2026-08-22 20:49:47.168368,2567.26,23,True,True,0
TXN100712,8,2026-08-22 20:51:27.120126,384.21,57,True,True,0
TXN102946,7,2026-08-22 20:55:40.553002,944.01,528,True,True,0
TXN101016,4,2026-08-22 21:03:23.621489,472.8,797,False,True,0
TXN101847,6,2026-08-22 21:10:08.096934,803.76,422,True,True,0
TXN100184,5,2026-08-22 21:20:51.371203,1814.48,746,True,True,0
TXN103513,1,2026-08-22 21:24:19.593626,208.22,13,False,True,0
TXN100033,6,2026-08-22 21:36:03.503338,412.86,178,True,True,0
TXN103653,6,2026-08-22 21:42:15.846079,1711.9,735,True,True,0
TXN101457,5,2026-08-22 21:46:20.467703,866.61,161,True,True,0
TXN102536,3,2026-08-22 22:03:16.324785,1629.26,343,True,True,0
TXN102592,6,2026-08-22 22:26:58.095109,1056.19,579,True,True,0
TXN101192,2,2026-08-22 22:27:12.492715,2796.26,633,True,True,0
TXN103888,1,2026-08-22 22:33:31.051228,393.42,662,True,True,0
TXN103778,11,2026-08-22 22:42:48.168810,903.58,443,True,True,0
TXN101620,3,2026-08-22 23:11:03.495243,1822.02,129,True,True,0
TXN100366,5,2026-08-22 23:38:34.727074,1693.43,366,True,True,0
TXN100520,4,2026-08-22 23:46:42.419060,1353.22,649,True,True,0
TXN100791,5,2026-08-22 23:51:31.128845,982.61,571,True,True,0
TXN101537,1,2026-08-22 23:56:35.119000,158.66,391,False,True,0
TXN103214,6,2026-08-23 00:03:17.784007,2737.62,436,True,True,0
TXN102521,0,2026-08-23 00:04:03.366433,1404.12,289,True,True,0
TXN101353,10,2026-08-23 00:12:32.529105,739.99,141,True,True,0
TXN100414,0,2026-08-23 00:29:55.038925,947.84,654,True,True,0
TXN103147,10,2026-08-23 01:36:03.119694,525.12,444,True,True,0
TXN102400,0,2026-08-23 01:38:52.306409,1427.2,434,True,True,0
TXN102284,8,2026-08-23 01:45:14.987569,628.06,681,True,True,0
TXN103993,3,2026-08-23 01:52:08.409013,1417.82,725,True,True,0
TXN103795,3,2026-08-23 01:53:42.471745,2902.71,419,True,True,0
TXN100509,2,2026-08-23 02:13:32.328685,1184.74,581,True,True,0
TXN100505,5,2026-08-23 02:13:40.258751,3156.48,689,True,True,0
TXN104174,4,2026-08-23 02:20:24.107312,631.27,347,True,True,0
TXN100426,10,2026-08-23 02:32:41.531912,486.6,798,True,True,0
TXN100122,7,2026-08-23 02:50:03.018798,1410.08,790,True,True,0
TXN100570,11,2026-08-23 02:56:32.511547,1300.12,568,True,True,0
TXN103797,0,2026-08-23 03:06:55.864600,649.19,155,False,True,0
TXN102324,8,2026-08-23 03:16:23.678113,1076.63,371,True,True,0
TXN103112,0,2026-08-23 03:17:07.544233,2188.52,425,True,True,0
TXN103652,4,2026-08-23 03:18:22.150542,653.13,281,True,True,0
TXN100640,8,2026-08-23 03:18:24.196195,443.62,563,False,True,0
TXN102454,9,2026-08-23 03:19:15.637095,142.07,521,True,True,0
TXN101411,6,2026-08-23 03:26:27.946291,350.17,660,True,True,0
TXN103172,5,2026-08-23 03:26:44.540502,1198.28,60,True,True,0
TXN102296,2,2026-08-23 03:36:37.718415,1455.91,357,True,True,0
TXN103913,6,2026-08-23 03:55:29.684509,773.01,309,True,True,0
TXN100041,9,2026-08-23 04:06:19.600166,682.77,729,True,True,0
TXN100854,3,2026-08-23 04:18:02.644715,2514.65,181,True,True,0
TXN101950,10,2026-08-23 04:19:32.259790,653.15,752,True,True,0
TXN100832,5,2026-08-23 04:27:01.602461,1053.66,708,True,True,0
TXN103574,11,2026-08-23 04:31:27.978241,952.33,665,True,True,0
TXN103575,8,2026-08-23 04:44:28.277742,394.35,429,True,True,0
TXN101088,7,2026-08-23 04:51:44.985936,1666.7,768,True,True,0
TXN104107,10,2026-08-23 04:53:54.115436,590.89,564,True,True,0
TXN103799,0,2026-08-23 04:58:06.475769,804.69,439,True,True,0
TXN102679,4,2026-08-23 04:59:51.309903,749.24,573,True,True,0
TXN103164,1,2026-08-23 05:05:41.158927,271.95,601,True,True,0
TXN103476,6,2026-08-23 05:21:47.728562,1227.42,602,True,True,0
TXN101364,6,2026-08-23 05:26:24.588481,1515.39,102,True,True,0
TXN101981,7,2026-08-23 05:31:16.640393,1640.87,401,False,True,0
TXN101677,5,2026-08-23 05:41:04.874276,431.18,108,True,True,0
TXN100719,7,2026-08-23 05:42:36.204529,2160.3,139,True,True,0
TXN100353,5,2026-08-23 05:47:33.912293,1378.62,688,True,True,0
TXN102358,7,2026-08-23 06:02:38.253341,1258.63,799,True,True,0
TXN102598,11,2026-08-23 06:13:15.141690,502.29,147,False,True,0
TXN101842,9,2026-08-23 06:32:22.407567,200.7,442,True,True,0
TXN103377,6,2026-08-23 06:40:46.928677,1467.13,442,True,True,0
TXN102677,10,2026-08-23 07:03:58.738285,655.86,359,True,True,0
TXN101864,10,2026-08-23 07:07:38.876441,473.7,334,True,True,0
TXN102719,1,2026-08-23 07:09:54.643412,328.81,369,False,True,0
TXN102249,5,2026-08-23 07:25:35.439553,998.62,743,True,True,0
TXN103948,11,2026-08-23 07:36:44.703236,727.77,277,True,True,0
TXN100746,6,2026-08-23 08:00:14.310337,849.76,608,True,True,0
TXN102193,2,2026-08-23 08:13:35.852915,2616.14,159,True,True,0
TXN101687,4,2026-08-23 08:18:01.682788,753.02,440,True,True,0
TXN100722,10,2026-08-23 08:19:30.658963,671.9,508,True,True,0
TXN101030,5,2026-08-23 08:30:16.853536,574.69,585,True,True,0
TXN102287,9,2026-08-23 08:53:07.809741,354.31,210,True,True,0
TXN100416,11,2026-08-23 09:18:10.855213,457.55,671,True,True,0
TXN100031,2,2026-08-23 09:32:08.992432,1899.41,472,True,True,0
TXN101601,8,2026-08-23 09:42:39.264809,486.8,171,False,True,0
TXN103544,0,2026-08-23 09:46:44.940961,1378.83,516,True,True,0
TXN103800,11,2026-08-23 09:59:57.974168,311.68,655,True,True,0
TXN102397,3,2026-08-23 10:10:09.362015,2743.47,402,True,True,0
TXN100036,10,2026-08-23 10:31:21.468801,293.27,476,True,True,0
TXN102317,5,2026-08-23 10:52:16.064206,1284.5,767,True,True,0
TXN103193,2,2026-08-23 11:13:10.991325,584.15,738,True,True,0
TXN100090,5,2026-08-23 11:21:11.849827,1368.13,334,True,True,0
TXN103584,9,2026-08-23 11:23:56.307900,346.47,138,True,True,0
TXN103460,4,2026-08-23 11:29:20.076902,406.7,560,True,True,0
TXN102705,3,2026-08-23 11:53:55.352685,1761.32,141,True,True,0
TXN101340,6,2026-08-23 11:54:27.879703,546.4,684,True,True,0
TXN103239,0,2026-08-23 11:56:43.432256,2322.25,513,True,True,0
TXN103606,3,2026-08-23 12:02:09.296928,1933.12,119,True,True,0
TXN100725,1,2026-08-23 12:12:11.443228,666.01,287,True,True,0
TXN102185,3,2026-08-23 12:13:10.419595,1394.04,520,True,True,0
TXN102131,11,2026-08-23 12:16:20.796748,819.05,166,False,True,0
TXN102678,6,2026-08-23 12:16:32.374612,980.43,484,True,True,0
TXN103710,4,2026-08-23 12:42:00.705421,964.65,507,True,True,0
TXN101693,4,2026-08-23 12:54:28.490834,1003.83,521,True,True,0
TXN101826,1,2026-08-23 13:00:48.046125,156.76,449,True,True,0
TXN103798,0,2026-08-23 13:02:17.087664,1387.89,549,True,True,0
TXN100178,10,2026-08-23 13:05:16.385906,1107.25,405,True,True,0
TXN100361,10,2026-08-23 13:09:43.751915,1981.83,698,True,True,0
TXN103632,0,2026-08-23 13:10:58.158365,894.0,629,True,True,0
TXN100573,0,2026-08-23 13:15:32.960608,1519.85,405,True,True,0
TXN102411,0,2026-08-23 13:16:45.215022,1240.25,6,True,True,0
TXN103751,9,2026-08-23 13:22:15.722568,388.38,47,True,True,0
TXN101079,10,2026-08-23 13:29:25.444118,566.48,436,True,True,0
TXN103294,2,2026-08-23 13:54:03.797327,1149.37,644,True,True,0
TXN103082,3,2026-08-23 14:16:13.067618,1089.54,253,True,True,0
TXN100729,7,2026-08-23 14:56:37.475282,3089.61,502,True,True,0
TXN101195,7,2026-08-23 15:09:36.979645,1880.59,347,True,True,0
TXN100985,7,2026-08-23 15:16:49.636078,2932.31,37,True,True,0
TXN101913,9,2026-08-23 15:37:07.955515,491.71,430,True,True,0
TXN102367,2,2026-08-23 15:37:29.951361,1600.87,666,True,True,0
TXN102783,10,2026-08-23 15:55:56.189207,477.97,776,True,True,0
TXN100487,6,2026-08-23 16:09:33.161327,820.87,119,True,True,0
TXN100290,9,2026-08-23 16:12:26.884152,113.58,630,True,True,0
TXN101075,1,2026-08-23 16:12:28.962997,289.13,185,False,True,0
TXN102789,10,2026-08-23 16:52:52.502480,614.62,707,True,True,0
TXN100113,5,2026-08-23 16:56:50.186546,1369.53,123,True,True,0
TXN102760,1,2026-08-23 17:41:18.037738,229.59,84,True,True,0
TXN100029,5,2026-08-23 17:41:45.315723,1062.11,687,True,True,0
TXN102927,3,2026-08-23 17:51:25.029678,1202.16,665,True,True,0
TXN101433,6,2026-08-23 17:52:31.026690,908.19,402,True,True,0
TXN103345,9,2026-08-23 17:56:05.964727,499.86,118,True,True,0
TXN101369,7,2026-08-23 18:31:20.172520,940.1,28,False,True,0
TXN100849,7,2026-08-23 18:40:37.167662,2130.9,216,True,True,0
TXN101185,3,2026-08-23 18:43:28.120095,2831.33,299,True,True,0
TXN104079,9,2026-08-23 18:49:18.060716,545.86,776,True,True,0
TXN102122,6,2026-08-23 18:52:09.187213,848.42,685,True,True,0
TXN100967,3,2026-08-23 18:52:22.684581,861.83,583,True,True,0
TXN100898,0,2026-08-23 18:58:36.544497,754.52,493,True,True,0
TXN101438,3,2026-08-23 19:06:50.489668,878.81,529,True,True,0
TXN103850,8,2026-08-23 19:21:20.923874,566.83,753,True,True,0
TXN101625,11,2026-08-23 19:22:46.384568,1018.08,372,True,True,0
TXN102894,3,2026-08-23 19:29:35.475364,1014.11,509,True,True,0
TXN100035,0,2026-08-23 19:34:01.175058,1239.61,782,True,True,0
TXN103733,11,2026-08-23 19:35:40.471591,482.36,502,True,True,0
TXN100611,5,2026-08-23 19:47:33.930582,2216.33,706,True,True,0
TXN103195,2,2026-08-23 19:52:01.069650,1596.37,102,True,True,0
TXN100057,1,2026-08-23 19:59:47.126112,212.08,505,True,True,0
TXN102297,5,2026-08-23 20:02:21.012026,842.07,362,True,True,0
TXN102559,7,2026-08-23 20:13:41.337983,4471.0,284,True,True,0
TXN100484,5,2026-08-23 20:22:20.553530,1300.64,85,True,True,0
TXN100156,1,2026-08-23 20:24:08.513079,216.44,642,True,True,0
TXN102648,11,2026-08-23 20:25:53.498174,457.18,552,True,True,0
TXN103330,7,2026-08-23 20:26:16.789423,2430.84,265,True,True,0
TXN102108,3,2026-08-23 20:28:57.890038,1097.42,524,True,True,0
TXN103058,4,2026-08-23 20:31:08.941109,789.67,651,True,True,0
TXN104095,6,2026-08-23 20:32:23.571452,1176.7,87,True,True,0
TXN100087,3,2026-08-23 20:48:01.169658,1043.61,430,True,True,0
TXN103605,1,2026-08-23 21:03:49.940329,240.78,392,True,True,0
TXN103266,8,2026-08-23 21:32:28.386681,591.44,232,True,True,0
TXN103336,6,2026-08-23 21:49:07.783080,1469.86,386,True,True,0
TXN101412,3,2026-08-23 21:52:48.678686,1425.68,418,True,True,0
TXN100853,2,2026-08-23 22:30:16.700470,738.05,427,True,True,0
TXN101310,6,2026-08-23 22:59:18.256451,752.24,4,True,True,0
TXN102102,2,2026-08-23 23:04:40.190484,736.39,533,True,True,0
TXN102495,2,2026-08-23 23:19:14.579509,1695.89,731,False,True,0
TXN102968,8,2026-08-23 23:36:32.395030,471.88,564,False,True,0
TXN100574,0,2026-08-23 23:40:08.541306,813.73,773,True,True,0
TXN103011,6,2026-08-23 23:45:46.447917,1254.99,464,True,True,0
TXN103927,1,2026-08-23 23:50:54.674164,358.89,627,True,True,0
TXN101851,3,2026-08-24 00:00:27.412981,1360.53,510,False,True,0
TXN103649,8,2026-08-24 00:05:38.466434,227.9,269,True,True,0
TXN101637,7,2026-08-24 00:06:29.784738,1230.41,363,True,True,0
TXN102493,7,2026-08-24 00:33:15.446130,2647.48,743,True,True,0
TXN103530,4,2026-08-24 00:50:07.615154,966.04,511,True,True,0
TXN103051,2,2026-08-24 00:53:10.059016,1836.37,744,True,True,0
TXN104183,10,2026-08-24 01:00:01.283438,1711.63,240,True,True,0
TXN102500,8,2026-08-24 01:10:11.990225,513.95,18,True,True,0
TXN101069,0,2026-08-24 01:21:07.867026,837.96,646,True,True,0
TXN103197,9,2026-08-24 01:47:12.401242,434.54,436,True,True,0
TXN100721,11,2026-08-24 01:58:16.993240,714.73,449,True,True,0
TXN102991,7,2026-08-24 02:09:51.083501,1555.01,23,True,True,0
TXN100362,2,2026-08-24 02:12:38.986957,921.0,466,True,True,0
TXN102466,3,2026-08-24 02:17:50.014132,1842.5,282,False,True,0
TXN100488,9,2026-08-24 02:25:23.573525,119.49,439,True,True,0
TXN100480,3,2026-08-24 02:29:21.884406,1249.2,476,True,True,0
TXN100659,3,2026-08-24 02:38:35.513873,1189.31,373,True,True,0
TXN103280,1,2026-08-24 02:54:05.618056,227.55,793,True,True,0
TXN101941,3,2026-08-24 03:02:11.416069,1359.4,759,True,True,0
TXN102762,4,2026-08-24 03:24:20.398947,727.99,168,True,True,0
TXN102120,9,2026-08-24 03:33:25.551925,410.71,243,True,True,0
TXN101755,3,2026-08-24 03:38:54.585987,2574.0,590,True,True,0
TXN101878,8,2026-08-24 03:39:27.372389,688.55,768,True,True,0
TXN103870,0,2026-08-24 03:50:16.331408,610.07,199,True,True,0
TXN100023,11,2026-08-24 03:58:05.785632,518.96,457,True,True,0
TXN102008,9,2026-08-24 03:59:43.969414,687.92,154,True,True,0
TXN101971,11,2026-08-24 04:28:41.860845,2134.36,585,True,True,0
TXN101066,11,2026-08-24 04:34:20.843302,508.6,463,True,True,0
TXN100998,11,2026-08-24 04:58:03.104554,774.14,59,True,True,0
TXN102181,2,2026-08-24 05:21:02.666045,1368.62,734,True,True,0
TXN100984,7,2026-08-24 05:34:26.767453,3631.48,330,True,True,0
TXN100403,11,2026-08-24 05:37:39.511023,989.77,563,False,True,0
TXN101229,3,2026-08-24 05:46:06.080995,1190.72,757,True,True,0
TXN100151,3,2026-08-24 05:52:56.467444,1602.71,100,True,True,0
TXN102758,4,2026-08-24 05:53:57.463842,614.1,622,True,True,0
TXN100054,5,2026-08-24 06:06:30.470088,1490.68,406,True,True,0
TXN101676,1,2026-08-24 06:13:26.917568,217.61,469,True,True,0
TXN103865,9,2026-08-24 06:26:22.860185,441.5,192,True,True,0
TXN100660,2,2026-08-24 06:56:37.573127,1021.0,48,True,True,0
TXN102347,9,2026-08-24 07:12:39.954721,492.22,335,True,True,0
TXN100973,5,2026-08-24 08:16:30.448789,667.34,4,True,True,0
TXN100716,6,2026-08-24 08:29:14.052443,732.63,12,True,True,0
TXN103512,1,2026-08-24 08:55:05.374215,250.7,788,True,False,0
TXN101830,4,2026-08-24 09:00:50.516017,370.12,41,True,True,0
TXN100302,0,2026-08-24 09:06:22.878527,898.14,755,True,True,0
TXN101590,8,2026-08-24 09:13:21.953664,576.54,145,True,True,0
TXN102845,5,2026-08-24 09:19:08.877504,687.47,93,False,True,0
TXN101354,2,2026-08-24 09:36:36.745126,2271.25,117,True,True,0
TXN102942,9,2026-08-24 09:39:09.536711,419.08,737,True,True,0
TXN100494,3,2026-08-24 09:40:45.963326,3357.25,178,True,True,0
TXN100544,9,2026-08-24 10:39:03.918924,174.21,743,False,True,0
TXN102600,10,2026-08-24 10:44:11.991295,1076.18,745,True,True,0
TXN104175,4,2026-08-24 11:11:38.517869,1452.41,512,True,True,0
TXN102058,4,2026-08-24 11:17:40.215710,983.8,79,True,True,0
TXN103461,11,2026-08-24 11:18:28.897421,892.57,658,True,False,0
TXN100379,3,2026-08-24 11:19:04.251977,2400.63,659,True,True,0
TXN103775,2,2026-08-24 11:29:32.185424,918.47,74,True,True,0
TXN103162,1,2026-08-24 11:48:36.337955,276.95,222,True,True,0
TXN102014,7,2026-08-24 12:09:41.547613,1381.09,19,True,True,0
TXN100078,6,2026-08-24 12:15:24.064103,1241.77,66,True,True,0
TXN101832,7,2026-08-24 12:28:54.443342,4363.65,406,True,True,0
TXN103235,6,2026-08-24 12:40:02.736089,695.05,432,False,True,0
TXN103805,10,2026-08-24 12:57:08.587765,755.18,543,True,True,0
TXN102938,10,2026-08-24 13:08:01.363558,856.26,766,True,True,0
TXNF200015,1,2026-08-24 13:47:23.723995,1015.44,321,False,False,1
TXNF200010,1,2026-08-24 13:48:30.332057,947.49,321,False,True,1
TXNF200011,1,2026-08-24 13:48:55.559183,913.89,321,False,False,1
TXNF200002,1,2026-08-24 13:49:22.160880,1354.94,1,False,False,1
TXNF200014,1,2026-08-24 13:50:18.346450,1147.4,1,False,False,1
TXNF200003,1,2026-08-24 13:50:32.239466,800.62,1,False,False,1
TXN104046,5,2026-08-24 13:51:21.534045,910.14,323,True,True,0
TXNF200005,1,2026-08-24 13:53:37.611267,1256.42,1,False,False,1
TXNF200013,1,2026-08-24 13:53:51.259420,998.1,321,False,False,1
TXNF200009,1,2026-08-24 13:54:28.356689,1189.42,1,False,False,1
TXNF200007,1,2026-08-24 13:55:44.650741,763.83,1,True,False,1
TXNF200001,1,2026-08-24 13:56:08.240304,795.52,321,False,False,1
TXNF200006,1,2026-08-24 13:57:37.300099,797.46,1,False,False,1
TXNF200012,1,2026-08-24 13:57:44.847588,825.52,1,False,True,1
TXNF200008,1,2026-08-24 13:58:28.867548,826.95,1,False,True,1
TXNF200004,1,2026-08-24 13:58:46.155027,992.77,321,False,False,1
TXN101240,6,2026-08-24 14:00:26.899474,1319.69,424,True,True,0
TXN104078,2,2026-08-24 14:02:19.684438,1202.81,89,True,True,0
TXN102447,7,2026-08-24 14:02:44.946869,3366.86,693,True,True,0
TXNF200000,1,2026-08-24 14:02:49.181088,977.01,1,False,False,1
TXNF200017,1,2026-08-24 14:03:07.770804,1142.53,321,False,False,1
TXNF200016,1,2026-08-24 14:03:17.100370,1178.39,321,False,True,1
TXN100370,4,2026-08-24 14:30:20.316144,509.82,166,True,True,0
TXN102924,5,2026-08-24 14:32:11.038141,1532.02,412,True,True,0
TXN103808,6,2026-08-24 14:37:34.014643,1031.13,655,False,True,0
TXN100667,10,2026-08-24 14:50:16.718210,1639.33,541,True,True,0
TXN100881,10,2026-08-24 15:02:25.768996,1538.18,722,True,True,0
TXN103949,2,2026-08-24 15:02:30.706905,796.38,563,True,True,0
TXN103348,1,2026-08-24 15:16:33.029418,505.28,322,True,True,0
TXN103383,10,2026-08-24 15:19:04.830821,1321.22,469,True,True,0
TXN103958,1,2026-08-24 15:33:01.579140,431.94,310,True,True,0
TXN102517,6,2026-08-24 15:33:46.653232,1098.32,509,True,True,0
TXN100935,11,2026-08-24 15:57:59.860982,1327.44,22,True,True,0
TXN101558,11,2026-08-24 16:02:18.272712,1202.96,765,True,True,0
TXN104029,4,2026-08-24 16:04:22.765892,1038.25,308,True,True,0
TXN104073,11,2026-08-24 16:21:21.168647,663.99,615,True,True,0
TXN102256,9,2026-08-24 16:33:04.361194,356.3,423,False,True,0
TXN102392,7,2026-08-24 16:52:30.431024,1558.87,79,True,True,0
TXN102322,4,2026-08-24 16:55:43.706330,1117.18,255,True,True,0
TXN100326,2,2026-08-24 17:43:21.959498,1749.13,448,True,True,0
TXN104117,1,2026-08-24 18:01:38.613587,120.4,653,True,True,0
TXN102802,11,2026-08-24 18:10:25.465209,601.97,203,True,True,0
TXN102892,4,2026-08-24 18:13:50.208093,284.45,311,True,True,0
TXN100557,10,2026-08-24 18:15:37.314531,1490.72,168,True,False,0
TXN104111,5,2026-08-24 18:25:22.017632,690.09,463,True,True,0
TXN101380,11,2026-08-24 18:35:38.592376,603.07,43,True,True,0
TXN103675,5,2026-08-24 18:38:37.527326,1485.59,240,True,True,0
TXN104193,0,2026-08-24 18:42:46.649519,624.55,528,True,True,0
TXN101578,1,2026-08-24 18:43:17.769549,229.94,296,True,True,0
TXN101712,10,2026-08-24 18:47:01.331538,869.82,644,True,True,0
TXN102801,5,2026-08-24 19:02:00.864809,646.13,324,True,True,0
TXN103980,5,2026-08-24 19:04:49.361410,983.23,182,True,True,0
TXN101101,5,2026-08-24 19:16:38.083747,653.73,594,True,True,0
TXN102169,11,2026-08-24 19:22:10.789084,1314.43,610,True,True,0
TXN103198,11,2026-08-24 19:30:41.849138,927.31,4,True,True,0
TXN102260,0,2026-08-24 19:39:06.429766,873.92,203,True,True,0
TXN100785,7,2026-08-24 19:41:37.941028,1649.21,307,False,True,0
TXN103008,7,2026-08-24 19:51:10.706796,1551.45,714,True,True,0
TXN104154,2,2026-08-24 20:44:32.326039,868.86,677,True,True,0
TXN103914,9,2026-08-24 20:51:29.214454,168.12,721,True,True,0
TXN101231,8,2026-08-24 20:56:40.369267,604.37,142,True,True,0
TXN102308,3,2026-08-24 21:00:42.197189,3864.43,600,True,True,0
TXN100519,7,2026-08-24 21:01:17.201028,2243.35,438,True,True,0
TXN102792,8,2026-08-24 21:15:19.283257,351.15,275,True,True,0
TXN102252,2,2026-08-24 21:32:39.588146,937.15,191,True,True,0
TXN104150,3,2026-08-24 21:33:24.819872,1379.59,482,True,True,0
TXN101042,4,2026-08-24 21:37:21.308789,879.16,286,True,True,0
TXN101100,5,2026-08-24 21:57:10.576182,1201.03,636,True,True,0
TXN101795,2,2026-08-24 21:57:15.927460,669.52,678,True,True,0
TXN102943,2,2026-08-24 21:57:34.347252,817.5,365,True,True,0
TXN101318,5,2026-08-24 22:00:50.326147,725.07,529,True,True,0
TXN102827,11,2026-08-24 22:04:02.031982,409.7,389,True,True,0
TXN102752,6,2026-08-24 22:27:49.591719,947.22,200,True,True,0
TXN102378,11,2026-08-24 22:39:20.631002,426.82,195,True,True,0
TXN102464,5,2026-08-24 22:42:03.390343,2072.39,371,True,True,0
TXN102972,7,2026-08-24 23:14:16.178818,1212.01,496,True,True,0
TXN103481,2,2026-08-24 23:17:21.416351,2895.88,234,True,True,0
TXN102627,0,2026-08-24 23:21:15.251450,1244.99,22,True,True,0
TXN101184,5,2026-08-24 23:22:49.695164,1111.69,245,True,True,0
TXN101180,7,2026-08-24 23:24:51.424407,2109.26,511,False,True,0
TXN104128,6,2026-08-24 23:37:34.905734,913.0,686,True,True,0
TXN101057,9,2026-08-24 23:37:54.424141,477.97,216,True,True,0
TXN104177,8,2026-08-24 23:40:56.150209,380.22,151,True,True,0
TXN102286,10,2026-08-24 23:41:32.461617,389.31,367,True,True,0
TXN102476,6,2026-08-25 00:06:12.249602,1168.34,275,True,True,0
TXN103204,3,2026-08-25 00:18:52.110357,1093.62,53,True,True,0
TXN103819,10,2026-08-25 00:31:59.846869,1022.08,579,True,True,0
TXN100809,11,2026-08-25 00:39:02.152920,753.7,300,True,True,0
TXN102250,6,2026-08-25 00:48:11.934765,993.14,684,True,True,0
TXN102812,2,2026-08-25 00:48:35.462763,1641.04,28,True,True,0
TXN102075,4,2026-08-25 00:51:43.712207,765.1,721,True,True,0
TXN102326,4,2026-08-25 00:54:55.707092,1561.71,623,True,True,0
TXN102999,7,2026-08-25 01:06:28.489994,1537.6,78,True,True,0
TXN101292,5,2026-08-25 01:24:37.544071,779.39,400,True,True,0
TXN104085,7,2026-08-25 01:36:09.770280,1293.1,422,True,True,0
TXN102518,1,2026-08-25 01:48:01.575697,605.19,366,True,True,0
TXN102462,5,2026-08-25 01:50:01.571307,1113.29,177,True,True,0
TXN102143,7,2026-08-25 01:52:28.840837,3123.41,475,True,True,0
TXN102637,8,2026-08-25 01:54:03.354025,195.74,142,True,True,0
TXN100648,11,2026-08-25 02:08:35.770863,401.98,572,True,True,0
TXN100212,9,2026-08-25 02:14:43.922773,870.27,737,True,True,0
TXN102050,2,2026-08-25 02:18:44.574668,906.43,605,True,True,0
TXN103842,6,2026-08-25 02:21:27.496792,661.48,9,True,True,0
TXN104083,9,2026-08-25 02:42:31.434979,120.96,437,True,True,0
TXN104001,10,2026-08-25 02:42:48.277781,953.68,745,True,True,0
TXN102381,5,2026-08-25 02:44:15.462015,1252.43,222,False,False,0
TXN101285,0,2026-08-25 03:14:33.559341,1126.3,106,True,True,0
TXN100208,3,2026-08-25 04:00:34.155652,2509.93,789,False,True,0
TXN101230,9,2026-08-25 04:12:48.446708,462.15,70,True,True,0
TXN100941,4,2026-08-25 04:14:31.552628,306.81,3,True,True,0
TXN104026,2,2026-08-25 04:15:24.247223,644.98,439,True,True,0
TXN102009,7,2026-08-25 04:16:29.474480,970.41,330,True,True,0
TXN103282,11,2026-08-25 04:22:13.392077,1456.09,706,False,True,0
TXN103516,2,2026-08-25 04:34:57.031647,1570.38,536,True,True,0
TXN100312,1,2026-08-25 04:55:29.832149,224.08,488,True,True,0
TXN100050,9,2026-08-25 05:05:35.209257,297.71,302,True,True,0
TXN103287,2,2026-08-25 05:12:00.858262,2017.48,389,True,True,0
TXN102000,10,2026-08-25 05:19:39.070486,850.63,180,True,True,0
TXN102312,6,2026-08-25 05:24:18.559801,954.32,611,True,True,0
TXN104132,8,2026-08-25 05:38:38.241632,639.16,261,True,True,0
TXN100822,1,2026-08-25 05:41:51.220629,341.15,236,True,True,0
TXN102805,11,2026-08-25 05:57:13.989536,392.58,222,False,True,0
TXN103471,8,2026-08-25 05:58:09.846220,309.8,79,True,True,0
TXN102023,7,2026-08-25 06:17:21.323469,1429.33,517,True,True,0
TXN102391,2,2026-08-25 06:18:49.149128,900.52,254,True,False,0
TXN103441,0,2026-08-25 06:19:41.937326,843.45,266,True,True,0
TXN100232,0,2026-08-25 06:28:30.135346,749.36,505,False,True,0
TXN103404,4,2026-08-25 06:30:28.510952,1306.82,249,True,True,0
TXN102062,1,2026-08-25 06:35:56.454630,272.97,761,False,True,0
TXN100240,1,2026-08-25 06:43:43.745368,248.36,751,False,True,0
TXN103318,3,2026-08-25 06:52:25.463988,1926.57,322,True,True,0
TXN101451,0,2026-08-25 06:58:08.027645,1363.01,576,True,True,0
TXN100495,4,2026-08-25 07:08:14.815331,984.9,206,False,True,0
TXN101973,4,2026-08-25 07:15:36.407351,582.0,203,True,True,0
TXN102418,3,2026-08-25 07:15:45.774664,1787.38,525,True,True,0
TXN101429,9,2026-08-25 07:39:14.748237,696.54,598,True,True,0
TXN100084,7,2026-08-25 07:42:03.477980,1899.41,458,True,True,0
TXN101548,5,2026-08-25 07:54:56.643341,803.52,18,True,True,0
TXN103026,1,2026-08-25 08:04:22.097092,404.0,543,True,True,0
TXN100737,4,2026-08-25 08:10:26.767786,1274.36,8,True,True,0
TXN102874,4,2026-08-25 08:30:04.942490,510.95,339,True,True,0
TXN102268,1,2026-08-25 08:48:19.517292,529.68,157,True,True,0
TXN101157,10,2026-08-25 08:49:03.407321,301.14,273,True,True,0
TXN100656,9,2026-08-25 08:53:26.375373,645.92,157,True,True,0
TXN101929,11,2026-08-25 08:54:15.524621,960.49,112,True,True,0
TXN100307,6,2026-08-25 09:46:05.922168,962.74,170,True,True,0
TXN103940,6,2026-08-25 09:55:12.314299,1339.16,244,True,True,0
TXN103591,3,2026-08-25 09:55:28.081796,601.19,634,True,True,0
TXN100552,9,2026-08-25 10:25:46.135338,539.64,176,True,True,0
TXN101059,3,2026-08-25 10:29:51.766195,1799.27,737,True,True,0
TXN103824,7,2026-08-25 10:56:02.860785,1584.8,268,True,True,0
TXN102351,9,2026-08-25 10:58:04.494309,628.74,520,True,True,0
TXN100688,5,2026-08-25 10:59:14.177899,1072.4,167,True,True,0
TXN100383,2,2026-08-25 11:15:45.028308,1805.1,34,True,True,0
TXN102340,5,2026-08-25 12:08:22.255668,1911.68,594,True,True,0
TXN100568,7,2026-08-25 12:34:43.387075,1786.97,319,True,True,0
TXN100304,6,2026-08-25 12:39:26.151592,1512.66,570,True,True,0
TXN103319,0,2026-08-25 12:42:50.146720,2340.19,237,True,True,0
TXN103102,0,2026-08-25 12:50:10.657359,629.23,22,True,True,0
TXN104168,6,2026-08-25 12:50:34.816837,2518.26,716,True,True,0
TXN101402,3,2026-08-25 13:09:58.490184,617.59,670,True,True,0
TXN103225,9,2026-08-25 13:10:15.987831,430.9,532,True,True,0
TXN102126,3,2026-08-25 13:15:54.026507,2403.74,562,True,True,0
TXN101400,10,2026-08-25 13:17:53.492256,1939.69,511,True,True,0
TXN101375,11,2026-08-25 13:22:12.098773,1915.3,484,True,True,0
TXN100654,6,2026-08-25 13:25:47.979612,592.38,581,True,True,0
TXN100639,11,2026-08-25 13:27:03.945973,789.92,254,True,True,0
TXN102508,4,2026-08-25 13:45:41.648049,1024.44,180,True,True,0
TXN103677,9,2026-08-25 14:25:58.243758,453.72,341,True,True,0
TXN103659,5,2026-08-25 14:26:13.925422,1092.68,514,True,True,0
TXN103894,7,2026-08-25 14:46:56.781088,3315.73,605,False,True,0
TXN101167,4,2026-08-25 15:11:13.563450,480.78,73,True,False,0
TXN100959,4,2026-08-25 15:12:56.728129,755.86,489,True,True,0
TXN100768,1,2026-08-25 15:28:06.828219,193.19,8,True,True,0
TXN103087,2,2026-08-25 15:35:12.259556,1257.9,333,True,True,0
TXN102682,4,2026-08-25 15:46:44.799148,444.94,586,True,True,0
TXN102294,8,2026-08-25 15:48:18.012084,1287.46,31,True,True,0
TXN103731,10,2026-08-25 15:59:55.701144,2153.1,736,True,True,0
TXN101706,11,2026-08-25 16:02:15.134345,363.05,367,True,True,0
TXN102128,0,2026-08-25 16:03:40.594468,660.21,694,True,True,0
TXN103299,9,2026-08-25 16:08:56.769263,392.12,408,False,True,0
TXN101539,7,2026-08-25 16:12:27.968705,1845.83,734,True,True,0
TXN101902,8,2026-08-25 16:12:39.190842,287.4,497,True,True,0
TXN103636,6,2026-08-25 16:19:42.398045,1807.08,687,True,True,0
TXN102011,4,2026-08-25 16:20:00.350001,222.95,325,True,True,0
TXN101793,3,2026-08-25 16:27:59.298853,1299.49,324,True,True,0
TXN103211,3,2026-08-25 16:28:20.279702,1695.05,727,True,True,0
TXN103502,3,2026-08-25 16:45:24.379933,869.02,701,True,True,0
TXN102146,2,2026-08-25 17:05:19.515832,1428.24,293,True,True,0
TXN100457,7,2026-08-25 17:09:50.494736,1601.53,796,True,True,0
TXN101496,6,2026-08-25 17:20:27.654582,1079.07,644,True,True,0
TXN100817,1,2026-08-25 17:28:47.152956,462.99,21,True,True,0
TXN100481,9,2026-08-25 17:54:00.874589,289.97,93,True,True,0
TXN103141,4,2026-08-25 18:10:03.442418,394.74,73,False,True,0
TXN101763,7,2026-08-25 18:10:21.091491,2004.72,663,True,True,0
TXN103157,11,2026-08-25 18:17:33.630950,1398.87,532,True,True,0
TXN100728,5,2026-08-25 18:30:36.723608,782.56,789,True,True,0
TXN104056,10,2026-08-25 18:40:14.616590,1140.46,682,True,True,0
TXN102941,11,2026-08-25 19:05:59.545542,311.29,382,True,True,0
TXN101015,10,2026-08-25 19:11:19.863392,547.37,264,True,True,0
TXN101316,8,2026-08-25 19:44:38.516852,569.93,347,True,True,0
TXN101926,4,2026-08-25 19:50:57.010307,490.79,4,False,True,0
TXN102481,10,2026-08-25 19:53:17.607238,179.71,774,True,True,0
TXN100479,1,2026-08-25 19:56:50.588062,310.67,560,True,True,0
TXN100330,6,2026-08-25 20:05:04.892080,570.92,352,True,True,0
TXN101323,10,2026-08-25 20:07:47.025217,318.53,55,True,True,0
TXN104136,11,2026-08-25 20:21:03.824282,469.1,782,True,True,0
TXN100580,1,2026-08-25 20:21:51.244107,293.92,541,False,True,0
TXN103973,3,2026-08-25 20:23:42.106615,1064.43,788,True,True,0
TXN100860,11,2026-08-25 20:37:12.602795,1114.07,723,True,True,0
TXN101224,5,2026-08-25 20:43:36.228750,605.75,463,True,True,0
TXN101581,2,2026-08-25 20:59:48.355458,2503.48,391,True,True,0
TXN101031,2,2026-08-25 21:00:26.857409,2387.8,191,False,True,0
TXN101659,3,2026-08-25 21:02:10.669282,1515.39,622,True,True,0
TXN102422,1,2026-08-25 21:21:16.673127,187.97,169,True,True,0
TXN102420,3,2026-08-25 21:24:58.966223,1156.68,289,True,True,0
TXN102053,11,2026-08-25 21:30:27.058917,499.35,71,True,True,0
TXN103923,5,2026-08-25 21:31:00.954260,1108.98,128,True,True,0
TXN102363,1,2026-08-25 21:47:37.379184,289.2,358,True,True,0
TXN103773,1,2026-08-25 21:58:33.512431,312.37,722,True,True,0
TXN102056,8,2026-08-25 21:59:26.891874,698.82,494,True,True,0
TXN104165,8,2026-08-25 22:09:04.541292,486.98,15,True,True,0
TXN103561,2,2026-08-25 22:12:17.677070,1502.74,437,True,True,0
TXN103794,10,2026-08-25 22:21:17.183504,1334.02,64,True,True,0
TXN103810,2,2026-08-25 22:36:20.848703,2141.3,516,True,True,0
TXN101189,0,2026-08-25 23:04:53.007835,906.0,370,True,True,0
TXN102045,11,2026-08-25 23:19:52.049982,940.0,192,True,True,0
TXN100866,9,2026-08-25 23:38:49.104016,523.51,730,True,True,0
TXN102593,1,2026-08-25 23:40:32.953430,232.99,113,True,True,0
TXN103520,9,2026-08-25 23:56:32.049214,366.75,726,True,True,0
TXN103158,8,2026-08-26 00:00:32.093839,589.4,23,True,True,0
TXN103647,7,2026-08-26 00:03:55.547882,2158.22,286,True,True,0
TXN101045,1,2026-08-26 00:30:32.716186,357.47,454,False,True,0
TXN100937,1,2026-08-26 00:43:41.756833,849.43,463,False,True,0
TXN100167,2,2026-08-26 01:02:41.990632,645.76,238,True,True,0
TXN102823,11,2026-08-26 01:05:11.835087,652.34,555,True,True,0
TXN103284,4,2026-08-26 01:14:39.717263,810.9,259,True,True,0
TXN100267,4,2026-08-26 01:21:03.525813,937.71,359,True,False,0
TXN102828,7,2026-08-26 01:22:08.691536,1174.76,48,True,True,0
TXN100550,9,2026-08-26 02:08:44.685218,241.34,212,True,True,0
TXN101836,11,2026-08-26 02:21:24.649420,990.06,781,True,True,0
TXN102557,10,2026-08-26 02:44:14.827966,714.84,10,True,False,0
TXN102650,10,2026-08-26 02:50:57.075540,1566.42,570,True,False,0
TXN101707,10,2026-08-26 03:10:59.353803,852.79,255,True,True,0
TXN100215,3,2026-08-26 03:13:34.431903,2955.54,433,True,True,0
TXN103957,8,2026-08-26 03:21:54.154376,450.21,318,True,True,0
TXN101481,0,2026-08-26 03:30:34.087743,2433.2,272,True,True,0
TXN103229,10,2026-08-26 03:30:57.589700,727.45,575,True,True,0
TXN103661,5,2026-08-26 03:37:15.740178,430.73,387,False,True,0
TXN100154,5,2026-08-26 03:48:47.158414,482.0,65,True,True,0
TXN103715,3,2026-08-26 03:53:58.353066,1386.66,44,True,True,0
TXN100194,11,2026-08-26 04:08:10.745189,936.32,317,True,True,0
TXN102384,2,2026-08-26 04:14:19.760408,1233.06,218,False,True,0
TXN103469,10,2026-08-26 04:51:37.774387,826.26,461,True,True,0
TXN102799,4,2026-08-26 04:59:15.139920,532.66,524,True,True,0
TXN100342,7,2026-08-26 05:12:08.086074,1492.67,233,True,True,0
TXN101910,0,2026-08-26 05:25:27.875199,1264.3,425,True,True,0
TXN103934,2,2026-08-26 05:31:33.065686,615.54,280,True,True,0
TXN101166,0,2026-08-26 05:34:29.166830,2319.62,588,True,True,0
TXN103450,5,2026-08-26 05:45:00.273191,828.05,514,True,True,0
TXN102263,6,2026-08-26 05:48:13.556979,1354.76,350,True,True,0
TXN104148,10,2026-08-26 06:04:08.584378,767.14,1,True,False,0
TXN103394,4,2026-08-26 06:10:43.309333,1290.36,578,True,True,0
TXN103445,8,2026-08-26 06:11:00.771191,592.45,113,True,True,0
TXN102961,5,2026-08-26 06:18:08.720486,953.69,298,True,True,0
TXN101271,1,2026-08-26 06:19:52.948173,280.93,648,False,True,0
TXN103353,8,2026-08-26 06:34:33.608992,425.69,134,True,True,0
TXN102099,2,2026-08-26 07:07:47.898726,1097.85,709,True,True,0
TXN100835,9,2026-08-26 07:09:01.437809,256.08,466,True,True,0
TXN103526,1,2026-08-26 07:09:01.690234,346.08,107,True,True,0
TXN101977,4,2026-08-26 07:46:42.714359,810.29,374,True,True,0
TXN103560,0,2026-08-26 08:14:39.827196,2015.51,97,True,True,0
TXN102909,4,2026-08-26 08:20:30.768045,658.45,111,True,True,0
TXN100788,6,2026-08-26 08:33:28.705559,1151.56,772,True,True,0
TXN100017,1,2026-08-26 09:06:02.502576,178.51,490,True,True,0
TXN102601,2,2026-08-26 09:18:37.872452,2359.14,41,True,True,0
TXN100989,9,2026-08-26 09:19:32.708495,270.46,449,True,True,0
TXN102100,10,2026-08-26 09:22:26.464168,804.65,318,True,True,0
TXN102921,9,2026-08-26 09:33:54.656152,411.86,760,True,True,0
TXN101111,2,2026-08-26 09:34:14.950517,1892.08,56,True,True,0
TXN102916,7,2026-08-26 09:43:37.078579,1965.55,328,True,True,0
TXN100666,6,2026-08-26 09:47:15.339131,531.77,194,True,True,0
TXN101203,9,2026-08-26 10:18:03.983145,289.8,701,True,True,0
TXN102327,2,2026-08-26 10:22:02.503086,717.79,296,True,True,0
TXN103707,9,2026-08-26 10:36:39.084827,329.82,255,True,True,0
TXN101918,5,2026-08-26 10:44:38.054733,511.24,199,True,True,0
TXN101979,9,2026-08-26 10:59:24.503649,209.43,333,True,True,0
TXN101425,9,2026-08-26 11:12:41.155465,184.85,767,True,True,0
TXN100340,7,2026-08-26 11:14:21.312105,782.01,637,True,True,0
TXN104141,10,2026-08-26 11:25:13.017194,1399.28,379,True,True,0
TXN103003,11,2026-08-26 12:00:54.375184,506.74,749,True,True,0
TXN101308,4,2026-08-26 12:06:51.323341,614.69,77,True,True,0
TXN103237,11,2026-08-26 12:12:06.616850,1165.19,655,True,False,0
TXN100257,1,2026-08-26 12:20:43.231052,562.07,385,True,True,0
TXN104047,2,2026-08-26 12:34:01.737822,1321.9,630,True,True,0
TXN102661,9,2026-08-26 12:37:42.928528,288.57,392,True,True,0
TXN101259,9,2026-08-26 12:42:15.283897,534.2,47,True,True,0
TXN100947,1,2026-08-26 13:22:36.470919,257.48,84,True,True,0
TXN101291,10,2026-08-26 13:38:03.251070,506.54,142,True,True,0
TXN101989,11,2026-08-26 13:43:17.033100,946.29,191,True,True,0
TXN102880,0,2026-08-26 13:54:22.542103,2804.31,521,True,True,0
TXN102546,9,2026-08-26 14:04:17.128538,917.09,740,True,True,0
TXN101582,6,2026-08-26 14:38:38.693904,837.69,38,True,True,0
TXN101004,1,2026-08-26 14:42:19.240097,208.27,279,True,True,0
TXN103845,5,2026-08-26 14:54:23.474015,2282.36,762,True,False,0
TXN103905,9,2026-08-26 15:03:06.330457,421.77,388,True,True,0
TXN103741,3,2026-08-26 15:10:19.220721,985.38,144,False,True,0
TXN102589,4,2026-08-26 15:21:11.567118,885.2,537,True,True,0
TXN101827,11,2026-08-26 15:30:15.987080,220.66,576,True,True,0
TXN101550,3,2026-08-26 15:36:44.119011,2452.08,715,True,True,0
TXN101722,7,2026-08-26 15:47:40.428665,1820.61,576,True,True,0
TXN102693,5,2026-08-26 16:16:45.630516,618.46,114,True,True,0
TXN102059,4,2026-08-26 16:23:12.230263,1195.7,183,True,True,0
TXN101432,2,2026-08-26 16:33:37.642784,2108.11,202,True,True,0
TXN103919,7,2026-08-26 16:54:16.315691,516.07,571,True,True,0
TXN100066,10,2026-08-26 17:02:26.186149,2224.43,12,True,True,0
TXN101361,0,2026-08-26 17:28:44.022446,1319.01,673,True,True,0
TXN101081,11,2026-08-26 17:33:30.220427,1079.56,114,True,True,0
TXN101616,9,2026-08-26 17:42:28.297990,448.76,278,True,True,0
TXN100569,6,2026-08-26 17:47:04.061462,1803.13,620,True,True,0
TXN102628,7,2026-08-26 17:58:37.857413,1229.12,388,True,True,0
TXN103834,1,2026-08-26 18:05:10.825511,398.92,61,False,True,0
TXN101528,0,2026-08-26 18:07:45.295124,1364.16,166,True,True,0
TXN100655,6,2026-08-26 18:12:12.002046,1113.23,162,True,True,0
TXN104133,6,2026-08-26 18:12:45.705953,701.23,482,True,True,0
TXN102689,11,2026-08-26 18:38:16.506684,1735.37,61,True,True,0
TXNF200115,10,2026-08-26 18:45:56.984881,1829.18,780,False,False,1
TXNF200103,10,2026-08-26 18:46:41.080139,1440.88,788,False,False,1
TXNF200096,10,2026-08-26 18:47:36.542757,1300.15,59,False,False,1
TXNF200113,10,2026-08-26 18:48:01.979598,1204.31,788,False,True,1
TXNF200100,10,2026-08-26 18:48:01.996562,2010.75,788,False,False,1
TXNF200095,10,2026-08-26 18:49:21.594242,1837.72,788,False,False,1
TXNF200106,10,2026-08-26 18:50:09.765822,1308.86,788,False,True,1
TXN103292,2,2026-08-26 18:50:40.142802,1194.05,316,True,False,0
TXN101613,8,2026-08-26 18:51:10.450747,343.64,622,True,True,0
TXNF200112,10,2026-08-26 18:51:20.346046,1360.84,54,False,False,1
TXNF200091,10,2026-08-26 18:52:20.967821,1514.6,59,False,False,1
TXNF200108,10,2026-08-26 18:53:37.345353,1310.69,780,True,False,1
TXNF200114,10,2026-08-26 18:53:52.689976,1321.61,780,False,False,1
TXNF200085,10,2026-08-26 18:54:06.402654,1265.49,780,False,False,1
TXNF200105,10,2026-08-26 18:54:32.182215,1654.3,780,False,True,1
TXNF200092,10,2026-08-26 18:54:53.054695,1184.94,59,False,False,1
TXNF200110,10,2026-08-26 18:55:17.307113,1452.33,788,False,False,1
TXNF200101,10,2026-08-26 18:55:40.913353,1648.84,54,False,False,1
TXNF200094,10,2026-08-26 18:55:42.460022,1473.65,54,False,True,1
TXNF200107,10,2026-08-26 18:55:56.963961,1381.67,788,False,False,1
TXNF200093,10,2026-08-26 18:56:12.110036,1779.37,59,False,False,1
TXNF200099,10,2026-08-26 18:56:26.915781,1707.94,59,False,False,1
TXNF200097,10,2026-08-26 18:57:39.184616,1856.53,54,False,False,1
TXNF200102,10,2026-08-26 18:57:54.276205,1886.13,788,True,False,1
TXNF200089,10,2026-08-26 18:58:27.710051,1541.91,780,True,True,1
TXNF200086,10,2026-08-26 18:58:36.855804,2116.82,788,False,False,1
TXNF200098,10,2026-08-26 18:58:58.010252,1336.16,54,False,False,1
TXNF200120,10,2026-08-26 19:00:52.425208,1207.02,54,False,False,1
TXNF200117,10,2026-08-26 19:01:14.449878,2027.66,788,False,False,1
TXNF200118,10,2026-08-26 19:01:19.383388,1822.99,780,False,False,1
TXNF200121,10,2026-08-26 19:01:41.755050,1995.84,54,False,False,1
TXNF200116,10,2026-08-26 19:02:10.681345,1636.85,780,False,False,1
TXNF200109,10,2026-08-26 19:02:17.369512,1592.56,780,False,False,1
TXNF200084,10,2026-08-26 19:02:42.293537,1570.27,54,False,False,1
TXNF200087,10,2026-08-26 19:03:13.880218,2035.84,54,False,False,1
TXNF200090,10,2026-08-26 19:03:42.572222,1368.69,59,False,True,1
TXNF200111,10,2026-08-26 19:03:50.869821,1231.62,788,False,True,1
TXNF200119,10,2026-08-26 19:04:05.721618,1174.76,788,False,False,1
TXNF200083,10,2026-08-26 19:05:51.759301,2014.59,54,False,False,1
TXNF200088,10,2026-08-26 19:06:21.241842,1667.15,59,False,False,1
TXNF200104,10,2026-08-26 19:06:45.007142,1626.63,780,False,True,1
TXN101193,8,2026-08-26 19:36:49.124425,312.56,497,False,True,0
TXN102779,0,2026-08-26 19:47:35.309187,1067.01,553,True,True,0
TXN100291,3,2026-08-26 19:54:54.115472,1717.9,199,True,True,0
TXN102570,9,2026-08-26 20:10:21.833965,186.05,450,True,True,0
TXN100126,0,2026-08-26 20:15:34.140841,684.5,295,True,True,0
TXN102633,6,2026-08-26 20:16:04.440564,1748.89,375,True,True,0
TXN104020,1,2026-08-26 20:22:49.134789,160.01,771,True,True,0
TXN102837,10,2026-08-26 20:22:57.257290,700.1,586,True,True,0
TXN100237,5,2026-08-26 20:29:04.986051,254.52,558,True,True,0
TXN100016,6,2026-08-26 20:45:43.377823,1237.32,27,True,True,0
TXN100119,1,2026-08-26 21:38:56.892362,133.12,389,True,True,0
TXN103551,6,2026-08-26 22:21:42.851586,966.39,556,True,True,0
TXN101681,0,2026-08-26 22:24:28.300998,473.83,314,True,True,0
TXNF200158,4,2026-08-26 23:03:42.248118,1927.94,687,False,False,1
TXNF200147,4,2026-08-26 23:04:21.337977,3222.98,687,False,False,1
TXNF200157,4,2026-08-26 23:04:24.295980,2515.34,687,False,False,1
TXNF200155,4,2026-08-26 23:04:35.705484,2426.79,389,False,False,1
TXNF200131,4,2026-08-26 23:04:41.283828,3017.65,687,False,True,1
TXNF200145,4,2026-08-26 23:04:48.580341,2002.41,547,False,False,1
TXNF200127,4,2026-08-26 23:04:50.954601,2149.52,547,False,False,1
TXNF200156,4,2026-08-26 23:04:52.478701,2637.21,389,False,True,1
TXNF200159,4,2026-08-26 23:05:20.664153,3302.72,547,False,False,1
TXNF200154,4,2026-08-26 23:05:51.360048,3414.45,548,False,True,1
TXNF200134,4,2026-08-26 23:07:09.048968,3305.57,548,False,False,1
TXNF200141,4,2026-08-26 23:07:14.693708,3224.63,548,False,False,1
TXNF200149,4,2026-08-26 23:07:16.731437,3347.6,389,False,False,1
TXNF200130,4,2026-08-26 23:07:44.256920,3415.53,547,False,True,1
TXNF200144,4,2026-08-26 23:07:54.973224,1942.36,547,False,False,1
TXNF200150,4,2026-08-26 23:07:59.458336,3202.41,389,False,False,1
TXNF200136,4,2026-08-26 23:07:59.731867,2944.29,687,False,False,1
TXNF200153,4,2026-08-26 23:08:10.075424,3462.26,389,False,False,1
TXNF200140,4,2026-08-26 23:08:15.346451,2499.3,389,False,False,1
TXNF200126,4,2026-08-26 23:08:27.017690,2138.73,548,False,False,1
TXNF200143,4,2026-08-26 23:08:29.015166,2433.41,547,False,True,1
TXNF200139,4,2026-08-26 23:08:59.608026,2307.61,548,False,False,1
TXNF200129,4,2026-08-26 23:09:03.464004,2312.21,389,False,True,1
TXNF200124,4,2026-08-26 23:09:07.955336,1933.57,548,False,True,1
TXNF200152,4,2026-08-26 23:09:46.226770,2299.73,548,False,False,1
TXNF200133,4,2026-08-26 23:09:49.190157,1976.17,548,False,False,1
TXNF200132,4,2026-08-26 23:09:50.418691,3010.79,547,False,False,1
TXNF200123,4,2026-08-26 23:10:03.106605,1993.28,687,False,False,1
TXNF200125,4,2026-08-26 23:10:33.124505,2685.09,547,False,False,1
TXNF200151,4,2026-08-26 23:10:54.083539,1949.83,389,False,False,1
TXNF200122,4,2026-08-26 23:11:20.151358,2462.91,687,False,False,1
TXNF200148,4,2026-08-26 23:11:27.807162,2816.93,389,False,False,1
TXNF200128,4,2026-08-26 23:11:29.952683,2134.38,547,False,False,1
TXNF200146,4,2026-08-26 23:12:38.637727,2707.71,547,False,False,1
TXNF200142,4,2026-08-26 23:13:55.536025,2207.25,389,False,True,1
TXNF200138,4,2026-08-26 23:13:58.810165,2727.01,547,False,False,1
TXNF200135,4,2026-08-26 23:14:19.388042,2897.72,687,False,False,1
TXNF200137,4,2026-08-26 23:14:19.986716,2235.55,389,False,False,1
TXN102037,0,2026-08-26 23:22:12.982411,738.9,579,True,True,0
TXN101995,0,2026-08-26 23:26:29.294099,1232.37,396,False,True,0
TXN101155,7,2026-08-26 23:28:28.462613,3637.71,454,True,True,0
TXN103855,8,2026-08-26 23:28:41.173299,429.16,562,False,True,0
TXN101563,11,2026-08-26 23:45:30.450378,1312.87,177,True,True,0
TXN104119,0,2026-08-27 00:04:52.835518,1806.35,380,True,True,0
TXN101132,9,2026-08-27 00:05:11.959702,305.67,237,True,True,0
TXN101298,6,2026-08-27 00:08:46.449059,640.99,14,True,True,0
TXN102965,7,2026-08-27 00:14:30.743387,3186.09,81,True,True,0
TXN100162,4,2026-08-27 00:16:15.472320,1099.6,601,True,True,0
TXN101765,11,2026-08-27 00:20:21.863071,438.23,169,True,True,0
TXN100826,8,2026-08-27 00:32:21.682092,598.18,637,True,True,0
TXN103228,8,2026-08-27 00:41:22.190790,1630.78,737,True,True,0
TXN103224,7,2026-08-27 00:46:53.762809,4320.02,567,True,True,0
TXN103322,9,2026-08-27 00:52:41.457319,296.98,491,True,True,0
TXN103420,6,2026-08-27 00:53:52.520341,1517.94,552,True,True,0
TXN102735,1,2026-08-27 01:09:49.513284,321.87,271,False,True,0
TXN103628,10,2026-08-27 01:11:08.700358,1417.95,561,True,True,0
TXN102158,9,2026-08-27 01:19:48.151301,186.69,504,True,True,0
TXN100630,8,2026-08-27 01:27:46.026504,780.75,169,True,True,0
TXN103408,7,2026-08-27 01:28:40.811613,1469.06,706,True,True,0
TXN101951,7,2026-08-27 01:45:40.549374,3789.45,398,True,True,0
TXN103889,9,2026-08-27 01:58:06.110030,305.62,320,True,True,0
TXN100289,5,2026-08-27 02:56:10.909510,560.11,795,True,True,0
TXN100068,0,2026-08-27 03:05:23.256565,1282.12,375,True,True,0
TXN102365,1,2026-08-27 03:10:01.259218,309.49,476,True,True,0
TXN100968,11,2026-08-27 03:12:44.123539,849.85,774,True,True,0
TXN102083,8,2026-08-27 03:21:21.045257,457.13,440,True,True,0
TXN100813,3,2026-08-27 03:43:35.937489,1051.71,175,True,True,0
TXN102634,0,2026-08-27 03:47:51.655402,1094.68,652,True,True,0
TXN102850,2,2026-08-27 04:05:37.593558,1293.42,369,True,True,0
TXN100945,1,2026-08-27 04:06:44.851811,1034.21,641,True,True,0
TXN100730,8,2026-08-27 04:27:55.378072,679.18,553,True,True,0
TXN102436,7,2026-08-27 04:31:24.838375,3066.89,435,True,True,0
TXN100012,8,2026-08-27 04:46:06.034023,497.68,216,True,True,0
TXN100718,2,2026-08-27 04:59:12.619615,2094.1,468,True,True,0
TXN103866,6,2026-08-27 05:00:51.025539,721.35,423,True,False,0
TXN101991,5,2026-08-27 05:13:43.493297,1561.85,742,True,True,0
TXN102203,4,2026-08-27 05:14:32.556177,1468.58,140,True,True,0
TXN100363,10,2026-08-27 05:15:28.157965,685.34,2,True,True,0
TXN102321,0,2026-08-27 05:27:49.796972,946.29,180,False,True,0
TXN103110,6,2026-08-27 05:36:17.226677,927.78,231,False,True,0
TXN100572,3,2026-08-27 05:52:43.548836,1432.02,446,True,True,0
TXN100191,7,2026-08-27 05:57:15.510051,2104.04,28,True,True,0
TXN100039,7,2026-08-27 05:59:27.843130,1549.64,676,True,True,0
TXN100043,4,2026-08-27 06:07:39.056012,552.24,305,True,True,0
TXN103159,10,2026-08-27 06:15:13.964168,1145.65,531,True,True,0
TXN103412,2,2026-08-27 06:18:20.684300,1688.5,36,True,True,0
TXN100702,2,2026-08-27 06:24:23.395844,2951.92,380,True,True,0
TXN100844,0,2026-08-27 06:31:01.645234,1431.05,350,True,True,0
TXN102841,8,2026-08-27 06:36:53.173077,717.38,524,True,True,0
TXN100243,7,2026-08-27 06:42:57.991054,3398.64,691,True,True,0
TXN103682,2,2026-08-27 07:10:01.597075,580.19,58,True,True,0
TXN100124,10,2026-08-27 07:11:51.050324,909.44,475,True,True,0
TXN103451,0,2026-08-27 07:13:31.373286,1131.97,626,True,True,0
TXN100285,11,2026-08-27 07:21:15.870923,984.63,13,True,True,0
TXN100306,3,2026-08-27 07:22:25.120112,1414.59,40,True,True,0
TXN102352,8,2026-08-27 07:31:52.799946,566.11,428,True,True,0
TXN103687,11,2026-08-27 08:11:50.072621,1242.71,696,True,True,0
TXN101498,5,2026-08-27 08:13:31.713500,930.55,422,True,True,0
TXN100130,6,2026-08-27 08:22:11.889173,403.03,642,True,True,0
TXN103459,4,2026-08-27 08:36:06.228917,759.66,487,True,True,0
TXN101567,7,2026-08-27 08:36:13.901289,1285.9,576,False,True,0
TXN104039,4,2026-08-27 08:54:15.905642,959.84,662,True,True,0
TXN100180,11,2026-08-27 09:10:56.720224,521.26,617,True,True,0
TXN102018,8,2026-08-27 09:40:40.995602,402.53,638,True,True,0
TXN101790,7,2026-08-27 09:49:34.924596,698.92,714,True,True,0
TXN101541,2,2026-08-27 09:55:19.709674,539.15,281,True,False,0
TXN103483,2,2026-08-27 09:58:23.229810,1454.82,696,True,True,0
TXN101257,6,2026-08-27 10:43:42.272678,1107.58,89,True,True,0
TXN101327,1,2026-08-27 10:58:15.220586,213.51,117,True,True,0
TXN102698,1,2026-08-27 11:01:57.506194,709.59,333,True,True,0
TXN101324,10,2026-08-27 11:16:50.476349,535.35,441,True,True,0
TXN101669,8,2026-08-27 11:25:25.910372,501.99,503,True,True,0
TXN102136,6,2026-08-27 11:27:34.945725,377.13,728,True,True,0
TXN101891,2,2026-08-27 11:38:34.826017,840.46,724,True,True,0
TXN101487,0,2026-08-27 11:49:44.766637,1828.27,531,True,True,0
TXN101090,6,2026-08-27 12:09:44.673203,691.55,395,True,True,0
TXN102843,5,2026-08-27 12:15:20.868977,783.85,588,True,True,0
TXN103668,5,2026-08-27 12:34:05.444626,1034.74,94,True,True,0
TXN102399,8,2026-08-27 12:35:31.071149,793.27,408,True,True,0
TXN101414,7,2026-08-27 12:47:00.671296,1798.69,347,True,True,0
TXN100401,9,2026-08-27 13:20:39.379090,271.91,264,True,True,0
TXN102390,5,2026-08-27 13:35:20.295697,3481.84,642,True,True,0
TXN101295,6,2026-08-27 13:35:31.677027,991.48,636,True,True,0
TXN102430,1,2026-08-27 13:36:56.063235,159.97,742,True,True,0
TXN102445,10,2026-08-27 13:43:24.395823,606.16,679,True,False,0
TXN102492,11,2026-08-27 13:50:07.957336,895.78,482,True,True,0
TXN103218,11,2026-08-27 13:50:49.018712,1119.49,602,True,True,0
TXN102988,10,2026-08-27 14:03:41.932556,479.61,133,True,True,0
TXN103286,1,2026-08-27 14:49:17.144369,368.55,528,True,True,0
TXN102860,2,2026-08-27 14:54:33.594450,2154.19,328,True,True,0
TXN102971,0,2026-08-27 15:21:07.363062,1557.36,499,True,True,0
TXN101898,8,2026-08-27 15:27:32.499937,385.88,520,True,True,0
TXN100991,6,2026-08-27 15:29:49.393322,817.56,508,True,True,0
TXN104176,3,2026-08-27 15:32:06.644016,1567.52,526,True,True,0
TXN103878,2,2026-08-27 15:52:23.814190,306.3,174,True,True,0
TXN102166,3,2026-08-27 15:55:19.938826,2266.83,492,True,True,0
TXN102398,3,2026-08-27 15:58:38.570089,1170.66,552,True,True,0
TXN103260,5,2026-08-27 16:11:42.875272,2286.2,481,True,True,0
TXN102865,0,2026-08-27 16:28:28.648947,1534.62,93,True,True,0
TXN102133,4,2026-08-27 17:01:44.433770,296.67,538,True,True,0
TXN103704,11,2026-08-27 17:17:35.434781,766.05,236,True,True,0
TXN104069,1,2026-08-27 17:20:33.441160,459.22,121,True,True,0
TXN100905,8,2026-08-27 17:30:35.692360,810.06,589,True,True,0
TXN102257,7,2026-08-27 17:35:19.043593,843.69,94,True,True,0
TXN101351,4,2026-08-27 17:58:14.222762,871.86,189,True,True,0
TXN103261,5,2026-08-27 18:17:33.518073,2785.03,501,True,True,0
TXN101139,6,2026-08-27 18:18:02.400376,1263.52,209,True,True,0
TXN101371,4,2026-08-27 18:19:05.103593,594.3,428,False,True,0
TXN103754,0,2026-08-27 18:30:13.942247,1293.45,761,True,True,0
TXN100056,6,2026-08-27 18:44:10.684627,1042.4,335,True,True,0
TXN103379,4,2026-08-27 18:55:12.419805,1471.34,260,True,True,0
TXN101982,0,2026-08-27 19:01:41.623883,821.5,191,True,True,0
TXN100697,7,2026-08-27 19:19:40.486036,1364.93,99,True,True,0
TXN100916,6,2026-08-27 19:27:26.503589,2207.88,667,True,True,0
TXN100206,9,2026-08-27 19:50:34.207861,196.47,417,True,True,0
TXN103066,9,2026-08-27 20:01:54.136728,340.93,602,True,True,0
TXN102696,1,2026-08-27 20:09:38.710180,1326.42,736,True,True,0
TXN101609,1,2026-08-27 20:13:21.280101,160.93,321,True,True,0
TXN102564,5,2026-08-27 20:39:32.437498,604.29,388,True,True,0
TXN101884,7,2026-08-27 21:10:16.136253,1746.85,44,True,True,0
TXN100876,6,2026-08-27 21:22:42.904585,1919.37,427,False,True,0
TXN103321,1,2026-08-27 21:27:50.855728,169.96,49,False,True,0
TXN102383,4,2026-08-27 21:35:32.682829,1657.8,109,True,True,0
TXN102450,10,2026-08-27 21:40:26.854161,1113.93,764,True,True,0
TXN103034,1,2026-08-27 21:42:44.169113,190.65,639,True,True,0
TXN101925,1,2026-08-27 21:58:09.059971,366.22,679,True,True,0
TXN102574,9,2026-08-27 22:26:03.433297,250.38,481,True,False,0
TXN100077,2,2026-08-27 22:55:22.866727,4749.91,478,True,True,0
TXN102544,9,2026-08-27 23:00:38.672890,273.05,772,True,True,0
TXN103243,6,2026-08-27 23:02:56.154813,2003.54,648,True,True,0
TXN103903,0,2026-08-27 23:13:23.174674,1158.34,56,True,True,0
TXN102243,1,2026-08-27 23:31:42.221014,376.01,428,True,True,0
TXN100578,10,2026-08-27 23:47:01.349292,428.34,327,True,True,0
TXN101490,3,2026-08-27 23:53:24.959149,1404.52,349,True,True,0
TXN103830,10,2026-08-28 00:08:43.399114,620.17,729,True,True,0
TXN103508,0,2026-08-28 00:15:44.289254,1487.45,799,True,True,0
TXN103860,6,2026-08-28 00:35:27.632525,631.82,504,True,True,0
TXN102890,1,2026-08-28 00:46:50.098848,892.49,206,True,True,0
TXN100834,10,2026-08-28 00:49:27.995336,1035.47,151,True,True,0
TXN102944,9,2026-08-28 00:57:30.292424,394.15,296,True,True,0
TXN102067,10,2026-08-28 01:03:46.487163,823.22,487,True,True,0
TXN101730,9,2026-08-28 01:15:27.192040,311.09,344,True,True,0
TXN103634,11,2026-08-28 01:19:50.855278,282.31,213,True,True,0
TXN100890,1,2026-08-28 01:21:40.587235,191.03,171,True,True,0
TXN100489,7,2026-08-28 01:45:11.426972,2164.91,552,True,True,0
TXN103602,1,2026-08-28 01:46:53.551679,289.58,794,True,True,0
TXN101014,6,2026-08-28 01:54:25.149429,1721.91,531,True,True,0
TXN101150,4,2026-08-28 02:08:47.032963,1039.22,556,True,True,0
TXN102364,9,2026-08-28 02:27:01.368257,160.56,539,True,True,0
TXN100331,4,2026-08-28 02:27:21.763043,659.91,735,True,True,0
TXN100820,0,2026-08-28 02:32:59.110864,1268.96,144,True,False,0
TXN102960,11,2026-08-28 02:33:40.018541,191.41,792,True,True,0
TXN104025,1,2026-08-28 02:56:28.984331,354.57,208,False,True,0
TXN101749,8,2026-08-28 03:07:44.912451,860.44,463,True,True,0
TXN103090,4,2026-08-28 03:09:12.553409,531.26,318,True,True,0
TXN101633,10,2026-08-28 03:20:20.936392,406.39,133,True,True,0
TXN103493,8,2026-08-28 03:25:36.478793,362.66,223,True,True,0
TXN101206,6,2026-08-28 03:36:25.590821,866.14,199,True,True,0
TXN100771,11,2026-08-28 03:39:03.737329,937.92,158,True,True,0
TXN104186,3,2026-08-28 03:45:07.756203,2282.41,772,True,True,0
TXN100132,1,2026-08-28 03:56:55.917547,320.07,559,True,True,0
TXN100235,8,2026-08-28 04:18:33.724783,379.16,31,True,False,0
TXN101727,6,2026-08-28 04:38:05.100431,845.37,95,True,True,0
TXN102140,8,2026-08-28 04:43:16.244071,425.99,133,True,True,0
TXN104098,9,2026-08-28 04:43:36.219504,266.93,4,True,False,0
TXN101142,11,2026-08-28 04:45:02.100019,834.41,233,True,True,0
TXN102586,4,2026-08-28 04:46:22.720520,1351.56,405,True,True,0
TXN102393,2,2026-08-28 05:15:19.759189,921.51,406,False,True,0
TXN100059,8,2026-08-28 05:19:21.763519,477.74,113,True,True,0
TXN102607,3,2026-08-28 05:27:31.661803,2106.8,574,True,True,0
TXN103486,4,2026-08-28 05:27:43.459509,760.56,33,True,True,0
TXN100689,9,2026-08-28 05:47:37.088429,581.27,8,True,False,0
TXN100378,4,2026-08-28 06:07:42.243669,1191.43,418,True,True,0
TXN103393,2,2026-08-28 06:27:44.723312,1679.05,12,True,True,0
TXN100251,5,2026-08-28 06:43:31.094696,877.06,223,True,True,0
TXN102610,11,2026-08-28 07:03:52.314498,1376.03,128,True,True,0
TXN100612,9,2026-08-28 07:08:22.554727,437.05,205,True,True,0
TXN101124,10,2026-08-28 07:11:52.427736,349.78,731,True,True,0
TXN100575,4,2026-08-28 08:02:00.656013,1104.76,757,False,True,0
TXN100261,2,2026-08-28 08:04:07.493136,405.11,662,True,True,0
TXN101526,3,2026-08-28 08:06:56.218415,3125.9,588,True,True,0
TXN101169,11,2026-08-28 08:15:43.462348,557.87,654,True,True,0
TXN101326,8,2026-08-28 08:15:44.795499,204.34,80,True,True,0
TXN100969,0,2026-08-28 08:18:47.270763,1881.86,588,True,True,0
TXN101768,0,2026-08-28 08:24:25.648810,740.14,587,True,True,0
TXN102475,5,2026-08-28 08:25:31.276261,1719.24,618,True,True,0
TXN100523,9,2026-08-28 08:49:27.940288,395.61,776,True,True,0
TXN101549,0,2026-08-28 08:55:42.201103,431.75,619,True,True,0
TXN100936,1,2026-08-28 08:58:08.715536,448.25,177,False,True,0
TXN101133,9,2026-08-28 09:04:50.114771,565.72,623,True,True,0
TXN101068,4,2026-08-28 09:07:26.633182,602.61,797,True,True,0
TXN103334,0,2026-08-28 09:10:01.575880,1975.13,647,True,False,0
TXN101201,5,2026-08-28 09:13:53.940840,256.21,754,True,True,0
TXN100255,1,2026-08-28 09:28:07.137613,391.99,230,True,True,0
TXN102006,5,2026-08-28 09:59:43.914513,936.42,614,True,True,0
TXN100909,1,2026-08-28 10:02:47.835363,337.33,720,False,True,0
TXN103363,9,2026-08-28 10:19:08.008279,560.54,572,True,True,0
TXN100831,2,2026-08-28 10:35:23.728822,2004.82,300,True,True,0
TXN101808,1,2026-08-28 10:45:23.729295,173.39,484,True,True,0
TXN101935,1,2026-08-28 10:54:34.366810,360.72,171,True,True,0
TXN104053,9,2026-08-28 11:16:27.583766,266.17,739,True,True,0
TXN103861,7,2026-08-28 11:17:10.629903,1692.52,445,True,True,0
TXN102031,2,2026-08-28 11:17:18.063826,1618.19,103,True,True,0
TXN101252,0,2026-08-28 11:24:14.835969,779.95,718,True,True,0
TXN101932,10,2026-08-28 11:30:22.789914,611.23,644,True,True,0
TXN103325,9,2026-08-28 11:33:16.047608,755.91,76,True,True,0
TXN102201,0,2026-08-28 11:50:16.584255,731.1,471,True,True,0
TXN103746,5,2026-08-28 11:58:04.359860,1279.17,759,True,False,0
TXN101552,6,2026-08-28 12:01:44.196076,718.02,273,True,True,0
TXN103216,0,2026-08-28 12:39:12.832370,1320.36,57,True,True,0
TXN103063,1,2026-08-28 12:41:57.723870,362.57,245,True,True,0
TXN104173,4,2026-08-28 12:53:35.996185,490.14,469,True,False,0
TXN103972,1,2026-08-28 12:58:53.728626,417.13,518,True,True,0
TXN100266,5,2026-08-28 13:10:41.453455,466.13,565,True,True,0
TXN102842,9,2026-08-28 13:18:56.405239,209.49,249,True,True,0
TXN103467,3,2026-08-28 13:19:00.449445,1559.45,419,True,True,0
TXN101178,3,2026-08-28 13:19:18.025604,1813.36,564,True,True,0
TXN103826,4,2026-08-28 14:10:56.098156,1931.47,634,True,True,0
TXN101555,1,2026-08-28 14:16:08.067382,374.52,14,True,True,0
TXN103514,3,2026-08-28 14:21:53.616739,2662.52,71,True,True,0
TXN101575,3,2026-08-28 14:22:58.068499,732.08,408,False,True,0
TXN103725,11,2026-08-28 14:44:05.552502,1248.63,784,True,True,0
TXN100533,3,2026-08-28 14:46:09.592208,612.12,211,True,True,0
TXN101037,0,2026-08-28 14:59:31.189131,1611.33,640,True,True,0
TXN101488,1,2026-08-28 15:00:46.094943,135.57,351,True,True,0
TXN100413,1,2026-08-28 15:08:19.335826,465.25,755,True,True,0
TXN101183,5,2026-08-28 15:20:29.585073,1566.96,6,True,True,0
TXN100114,6,2026-08-28 15:33:37.743577,845.96,531,True,True,0
TXN101465,1,2026-08-28 15:48:27.866055,693.74,214,True,True,0
TXN100143,4,2026-08-28 15:54:23.257677,1117.09,604,True,True,0
TXN101317,7,2026-08-28 15:54:46.696720,4558.76,135,True,True,0
TXN100603,1,2026-08-28 15:57:43.612397,314.68,436,True,True,0
TXN101797,2,2026-08-28 15:58:04.035160,679.94,437,True,True,0
TXN104196,6,2026-08-28 16:02:05.576132,1294.31,401,True,True,0
TXN103742,11,2026-08-28 16:23:13.078222,659.53,652,True,True,0
TXN101523,1,2026-08-28 16:23:53.469080,213.08,196,False,True,0
TXN104068,8,2026-08-28 16:32:12.226950,232.29,410,True,True,0
TXN101924,4,2026-08-28 16:33:21.024130,522.71,517,False,True,0
TXN103395,9,2026-08-28 16:43:22.709063,447.99,469,True,False,0
TXN101705,10,2026-08-28 16:46:10.973227,554.8,53,True,True,0
TXN101053,11,2026-08-28 16:53:09.892422,470.8,758,True,True,0
TXN100501,7,2026-08-28 17:17:19.116700,1970.98,485,True,True,0
TXN100435,1,2026-08-28 17:38:42.226503,419.07,50,True,True,0
TXN103166,8,2026-08-28 17:40:25.577561,219.17,589,True,True,0
TXN102831,9,2026-08-28 17:52:28.767378,460.83,595,True,True,0
TXN103463,0,2026-08-28 18:24:38.124407,973.0,54,True,True,0
TXN101165,1,2026-08-28 18:28:27.573795,253.93,628,True,True,0
TXN103610,6,2026-08-28 18:34:46.367738,790.85,70,True,True,0
TXN100872,1,2026-08-28 18:51:05.909087,646.98,322,True,True,0
TXN100116,0,2026-08-28 19:18:15.229411,1225.91,342,True,True,0
TXN100913,11,2026-08-28 19:18:47.990113,523.98,744,True,True,0
TXN102846,10,2026-08-28 19:31:59.474363,887.64,133,True,True,0
TXN103400,9,2026-08-28 19:47:19.096343,432.16,375,True,True,0
TXN102635,0,2026-08-28 20:00:27.412855,1620.75,371,False,True,0
TXN103600,5,2026-08-28 20:08:52.205952,965.81,523,True,True,0
TXN100566,2,2026-08-28 20:55:27.938645,750.52,646,True,True,0
TXN103833,7,2026-08-28 21:00:46.185053,2213.88,333,True,True,0
TXN102596,6,2026-08-28 21:22:21.406404,852.24,76,True,True,0
TXN101767,5,2026-08-28 21:42:23.898202,926.86,626,True,True,0
TXN100199,11,2026-08-28 21:43:01.599686,902.62,11,True,True,0
TXN100942,10,2026-08-28 21:45:30.183965,1174.38,391,True,True,0
TXN100859,9,2026-08-28 21:49:02.544531,241.67,799,True,True,0
TXN102542,11,2026-08-28 21:50:28.879394,1359.71,361,True,False,0
TXN102629,0,2026-08-28 21:52:36.815497,1026.29,353,True,True,0
TXN101134,7,2026-08-28 21:56:22.781223,1445.89,188,True,True,0
TXN101861,3,2026-08-28 22:01:21.918509,2365.75,581,True,False,0
TXN101329,4,2026-08-28 22:10:48.523824,1102.08,572,True,True,0
TXN104012,8,2026-08-28 22:26:09.509703,309.8,96,True,True,0
TXN101626,6,2026-08-28 22:31:21.554510,976.89,160,False,True,0
TXN100510,11,2026-08-28 22:31:37.949545,860.17,329,True,True,0
TXN102807,3,2026-08-28 22:37:25.882204,810.72,266,True,True,0
TXN104011,10,2026-08-28 22:56:32.087060,1931.54,465,True,True,0
TXN103645,6,2026-08-28 23:03:03.892175,1573.04,85,True,True,0
TXN103242,10,2026-08-28 23:12:20.901286,591.54,637,True,True,0
TXN103769,4,2026-08-28 23:14:10.661937,754.16,605,True,True,0
TXN102748,4,2026-08-28 23:19:40.219821,806.89,754,True,True,0
TXN101806,0,2026-08-28 23:20:24.101400,652.64,178,True,True,0
TXN100897,0,2026-08-28 23:23:27.311436,1269.58,336,True,True,0
TXN100470,8,2026-08-28 23:25:26.368218,817.21,7,True,True,0
TXN101055,11,2026-08-28 23:31:53.575815,839.89,48,True,True,0
TXN102729,5,2026-08-28 23:39:12.595400,1792.47,388,True,False,0
TXN102382,11,2026-08-28 23:40:02.082249,717.78,77,True,False,0
TXN100845,0,2026-08-28 23:47:11.738958,855.53,116,True,True,0
TXN100327,0,2026-08-29 00:01:00.660092,475.46,545,True,True,0
TXN102551,3,2026-08-29 00:02:50.939878,390.58,245,True,True,0
TXN103740,2,2026-08-29 00:03:26.990750,1017.67,685,True,True,0
TXN104094,11,2026-08-29 00:05:26.147374,1165.22,176,False,True,0
TXN102237,3,2026-08-29 00:16:51.753383,1110.58,719,True,True,0
TXN101810,2,2026-08-29 00:31:56.570941,1502.32,48,True,True,0
TXN103094,10,2026-08-29 00:43:21.698901,239.78,214,True,False,0
TXN104181,4,2026-08-29 00:48:27.579672,537.28,494,True,True,0
TXN102299,10,2026-08-29 00:52:40.575249,231.63,647,True,True,0
TXN100015,9,2026-08-29 01:03:14.964824,415.44,424,True,True,0
TXN102626,11,2026-08-29 01:26:27.068247,823.07,703,True,True,0
TXN103719,3,2026-08-29 01:46:59.902519,1549.75,125,True,True,0
TXN104124,9,2026-08-29 01:47:27.536573,302.07,705,True,True,0
TXN100613,4,2026-08-29 01:55:35.381070,339.12,675,True,True,0
TXN101890,2,2026-08-29 01:59:45.539704,451.46,575,True,True,0
TXN102605,9,2026-08-29 02:03:54.535783,94.19,11,True,True,0
TXN100007,8,2026-08-29 02:52:42.616827,180.22,122,True,True,0
TXN100842,10,2026-08-29 03:09:50.713423,698.09,384,False,True,0
TXN102071,7,2026-08-29 03:10:57.202153,3558.35,743,True,True,0
TXN101492,0,2026-08-29 03:17:54.767034,1338.22,357,False,True,0
TXN100074,8,2026-08-29 03:40:11.367837,909.26,358,True,True,0
TXN103124,5,2026-08-29 03:55:49.966567,600.83,671,True,True,0
TXN103473,10,2026-08-29 04:08:38.434854,916.63,430,True,True,0
TXN103281,9,2026-08-29 05:03:58.164005,187.26,502,False,True,0
TXN100336,11,2026-08-29 05:18:21.719538,1160.49,106,True,True,0
TXN104088,11,2026-08-29 05:28:06.792106,641.83,683,True,False,0
TXN101129,7,2026-08-29 05:31:47.111923,1681.96,588,True,True,0
TXN103437,7,2026-08-29 05:32:05.124698,1033.07,486,True,True,0
TXN101215,1,2026-08-29 05:35:06.649585,760.0,192,True,True,0
TXN103108,10,2026-08-29 05:46:02.481770,428.41,410,True,True,0
TXN100222,8,2026-08-29 05:49:50.517741,1512.91,49,True,True,0
TXN101628,4,2026-08-29 06:00:07.219899,424.93,245,True,True,0
TXN104126,0,2026-08-29 06:31:26.709014,1671.88,703,True,True,0
TXN101673,9,2026-08-29 06:37:09.678774,242.07,746,True,True,0
TXN101759,6,2026-08-29 06:41:40.630274,864.93,799,True,True,0
TXN101978,0,2026-08-29 06:46:17.252969,529.8,0,True,True,0
TXN100752,1,2026-08-29 06:54:47.546353,469.39,27,True,True,0
TXN103089,5,2026-08-29 07:06:48.721655,1410.16,353,True,True,0
TXN104129,5,2026-08-29 07:18:39.794804,806.62,437,True,True,0
TXN103639,7,2026-08-29 07:50:41.486534,1083.71,729,True,True,0
TXN100943,5,2026-08-29 08:30:23.465088,884.94,676,True,True,0
TXN104114,3,2026-08-29 08:32:17.586007,926.43,75,True,True,0
TXN100858,8,2026-08-29 08:34:08.341033,351.02,523,True,True,0
TXN102090,10,2026-08-29 09:09:07.493948,522.43,132,True,True,0
TXN103179,2,2026-08-29 09:10:30.076138,2082.59,607,True,True,0
TXN102194,7,2026-08-29 09:15:22.043321,1481.62,755,True,True,0
TXN101560,3,2026-08-29 09:18:01.120799,4380.28,406,True,True,0
TXN101013,3,2026-08-29 09:46:10.704411,849.3,143,True,True,0
TXN101840,5,2026-08-29 09:55:36.798159,3442.24,121,True,True,0
TXN103443,2,2026-08-29 10:24:22.318194,1338.69,714,True,True,0
TXN103588,7,2026-08-29 10:24:46.845972,2407.08,179,True,True,0
TXN103232,8,2026-08-29 10:36:31.144348,474.39,579,True,True,0
TXN101837,3,2026-08-29 10:37:00.370709,744.46,599,True,True,0
TXN104143,5,2026-08-29 10:46:12.491778,1692.15,365,True,False,0
TXN102957,5,2026-08-29 11:00:52.972944,829.15,166,True,True,0
TXN101520,10,2026-08-29 11:07:16.951244,1909.32,367,True,True,0
TXN103974,1,2026-08-29 11:46:41.889752,464.15,40,True,True,0
TXN101003,10,2026-08-29 11:56:13.609779,1952.16,16,True,True,0
TXN102034,11,2026-08-29 12:05:51.148817,636.94,446,False,True,0
TXN101897,10,2026-08-29 12:14:47.182866,895.01,81,True,True,0
TXN102871,11,2026-08-29 12:23:34.769647,808.27,484,False,True,0
TXN102065,6,2026-08-29 12:31:32.274354,1695.55,618,False,True,0
TXN100458,10,2026-08-29 12:35:50.899894,280.93,2,True,True,0
TXN102881,2,2026-08-29 12:51:05.288795,2456.32,791,True,True,0
TXN102569,11,2026-08-29 12:52:37.405235,831.41,127,True,True,0
TXN102024,0,2026-08-29 12:55:11.533750,1590.09,498,True,True,0
TXN103909,10,2026-08-29 13:07:12.693179,1326.94,271,True,False,0
TXN103184,7,2026-08-29 13:38:29.614386,1150.16,408,True,True,0
TXN100738,8,2026-08-29 13:39:03.932288,296.52,165,True,True,0
TXN101335,11,2026-08-29 13:41:19.565676,867.83,445,True,True,0
TXN102715,5,2026-08-29 13:41:53.882374,851.1,304,True,True,0
TXN101689,1,2026-08-29 13:57:56.394037,283.66,726,True,True,0
TXN101565,5,2026-08-29 13:59:17.042507,1457.03,673,True,True,0
TXN102455,5,2026-08-29 14:35:13.888912,597.41,272,True,True,0
TXN103823,2,2026-08-29 15:00:58.491406,1924.62,414,True,True,0
TXN103246,9,2026-08-29 15:29:07.971167,202.13,161,True,True,0
TXN103676,4,2026-08-29 16:28:06.755541,1449.86,768,True,True,0
TXN102145,5,2026-08-29 16:30:36.139658,1030.51,686,True,True,0
TXN101852,5,2026-08-29 16:37:07.315467,731.48,522,True,True,0
TXN102012,1,2026-08-29 16:48:24.096954,249.9,69,True,True,0
TXN101246,10,2026-08-29 16:49:03.818296,955.41,114,True,True,0
TXN101556,10,2026-08-29 16:58:45.357566,504.99,48,True,True,0
TXN102853,1,2026-08-29 17:04:17.065224,365.81,454,True,True,0
TXN103609,8,2026-08-29 17:09:38.170955,411.17,717,True,True,0
TXN101618,1,2026-08-29 17:09:46.853529,254.01,374,True,True,0
TXN101561,3,2026-08-29 17:10:30.681988,1631.03,435,True,True,0
TXN101686,5,2026-08-29 17:25:10.269743,738.64,559,True,True,0
TXN100956,4,2026-08-29 17:37:51.777902,1743.56,24,True,True,0
TXN101064,9,2026-08-29 17:52:06.367783,407.71,732,True,True,0
TXN102513,9,2026-08-29 17:52:54.432074,266.97,405,True,True,0
TXN101698,4,2026-08-29 17:58:13.932341,1105.69,70,True,True,0
TXN102107,1,2026-08-29 18:00:28.328058,329.75,83,True,True,0
TXN101660,7,2026-08-29 18:01:38.367865,3565.69,399,False,True,0
TXN103303,3,2026-08-29 18:10:48.495654,1597.95,68,True,True,0
TXN100260,9,2026-08-29 19:12:06.854021,438.81,445,True,True,0
TXN101237,1,2026-08-29 19:14:43.820898,508.37,499,True,True,0
TXN102082,3,2026-08-29 19:50:49.587738,4320.08,266,True,True,0
TXN102388,11,2026-08-29 19:54:04.250644,870.94,571,True,True,0
TXN103701,2,2026-08-29 19:54:12.951458,963.27,116,False,True,0
TXN101476,5,2026-08-29 20:01:09.021256,1208.0,249,True,True,0
TXN101865,4,2026-08-29 20:04:25.390471,485.38,66,True,True,0
TXN102695,4,2026-08-29 20:16:52.741466,900.23,306,True,True,0
TXN102478,0,2026-08-29 20:19:12.054335,672.38,628,True,True,0
TXN101638,2,2026-08-29 20:28:29.712150,831.55,45,False,True,0
TXN101818,1,2026-08-29 20:30:05.673917,589.57,783,True,True,0
TXN101990,6,2026-08-29 20:34:50.044759,1230.33,53,True,True,0
TXN103690,4,2026-08-29 20:54:40.446744,927.37,702,True,True,0
TXN103911,11,2026-08-29 21:07:25.457419,583.47,497,True,True,0
TXN103622,3,2026-08-29 21:19:14.435765,3163.23,195,True,True,0
TXN102030,6,2026-08-29 21:20:43.054338,421.94,182,True,True,0
TXN101453,2,2026-08-29 21:26:10.844565,1236.67,70,True,True,0
TXN103196,2,2026-08-29 21:37:09.342534,1930.58,171,True,True,0
TXN100473,5,2026-08-29 21:42:52.078558,1377.38,341,True,True,0
TXN102854,8,2026-08-29 22:07:59.409955,787.98,531,True,True,0
TXN101200,10,2026-08-29 22:25:34.049238,842.11,671,True,True,0
TXN101114,2,2026-08-29 22:30:48.384258,1486.08,165,True,True,0
TXN100423,6,2026-08-29 22:34:14.630435,2030.51,151,False,True,0
TXN103202,9,2026-08-29 22:49:19.967499,124.47,239,True,True,0
TXN100042,8,2026-08-29 22:50:21.730845,286.99,261,True,True,0
TXN101347,8,2026-08-29 23:02:16.897640,516.86,380,True,True,0
TXN102060,10,2026-08-29 23:06:49.362421,661.3,238,True,True,0
TXN102403,6,2026-08-29 23:13:40.883891,3430.66,207,True,True,0
TXN103024,4,2026-08-29 23:30:14.330805,2271.62,29,True,True,0
TXN103965,10,2026-08-29 23:48:25.867132,821.95,136,True,True,0
TXN100395,10,2026-08-29 23:54:40.770924,368.2,789,True,True,0
TXN104093,5,2026-08-29 23:54:43.071183,603.98,66,True,True,0
TXN100555,6,2026-08-30 00:14:01.549733,724.08,122,True,True,0
TXN101028,6,2026-08-30 00:14:23.381997,688.9,783,True,True,0
TXN101382,4,2026-08-30 00:34:25.766883,1342.6,443,True,True,0
TXN102148,10,2026-08-30 00:37:04.297724,646.64,404,True,True,0
TXN102889,2,2026-08-30 00:39:14.787124,2154.77,536,True,True,0
TXN101145,5,2026-08-30 00:53:40.304602,1034.14,86,False,True,0
TXN104182,1,2026-08-30 01:11:42.553272,248.11,595,False,True,0
TXN103065,6,2026-08-30 01:15:46.395987,638.34,663,False,True,0
TXN100137,0,2026-08-30 01:18:10.844834,1140.96,216,True,True,0
TXN101596,7,2026-08-30 01:23:01.779395,2179.47,86,True,True,0
TXN100951,3,2026-08-30 01:23:52.034751,1162.51,610,True,True,0
TXN101251,4,2026-08-30 01:29:00.091247,759.15,107,True,True,0
TXN103857,0,2026-08-30 01:30:56.905134,4228.05,628,True,True,0
TXN103559,5,2026-08-30 01:33:09.943737,794.94,343,True,True,0
TXN100641,10,2026-08-30 02:03:58.580731,844.28,65,True,True,0
TXN100653,9,2026-08-30 02:04:24.048218,569.86,795,True,False,0
TXN102813,11,2026-08-30 02:06:04.899051,923.34,279,False,True,0
TXN102784,10,2026-08-30 02:20:30.100322,699.67,617,True,True,0
TXN100381,11,2026-08-30 02:24:17.779511,589.01,335,True,True,0
TXN103764,4,2026-08-30 02:26:43.330693,628.73,618,True,True,0
TXN102096,11,2026-08-30 02:34:52.701682,365.96,668,True,True,0
TXN103989,5,2026-08-30 02:34:56.009876,965.39,742,True,True,0
TXN103062,4,2026-08-30 02:49:35.657078,1635.41,394,True,True,0
TXN103015,5,2026-08-30 03:33:25.595121,619.36,471,True,True,0
TXN100926,6,2026-08-30 03:34:17.364352,2300.48,596,True,True,0
TXN103205,8,2026-08-30 04:34:36.452045,749.44,506,True,True,0
TXN104066,10,2026-08-30 04:49:48.568516,752.47,383,True,True,0
TXN100696,8,2026-08-30 04:50:48.234951,215.85,585,True,True,0
TXN103115,5,2026-08-30 04:55:03.148443,725.02,545,True,True,0
TXN101533,2,2026-08-30 05:06:24.249279,505.94,782,True,True,0
TXN100684,2,2026-08-30 05:10:08.206537,1787.85,58,True,False,0
TXN102572,8,2026-08-30 05:28:31.461485,287.47,467,True,True,0
TXN102401,6,2026-08-30 05:45:46.080113,1013.49,241,True,True,0
TXN101573,9,2026-08-30 05:59:31.607234,381.6,781,True,True,0
TXN102387,11,2026-08-30 06:02:47.133111,362.99,562,True,True,0
TXN101478,2,2026-08-30 06:09:12.470188,1504.42,624,True,True,0
TXN100900,0,2026-08-30 06:15:36.334072,489.92,659,True,True,0
TXN102431,6,2026-08-30 06:20:31.771033,802.64,397,False,True,0
TXN100080,11,2026-08-30 06:22:33.660619,502.39,292,True,True,0
TXN103256,2,2026-08-30 06:29:48.403434,572.83,13,True,True,0
TXN101038,5,2026-08-30 06:30:16.515700,1714.78,517,True,False,0
TXN103054,9,2026-08-30 06:42:01.665533,469.99,536,True,True,0
TXN100161,7,2026-08-30 06:42:03.793550,1921.91,638,True,True,0
TXN100589,10,2026-08-30 06:54:14.797665,684.02,618,True,True,0
TXN103739,9,2026-08-30 06:54:35.698804,290.11,797,True,True,0
TXN104192,8,2026-08-30 07:10:23.046682,487.48,296,False,True,0
TXN100153,3,2026-08-30 07:11:11.006633,1151.92,153,True,True,0
TXN100525,3,2026-08-30 07:28:31.141096,1050.67,85,True,True,0
TXN101404,2,2026-08-30 07:42:10.021290,1962.72,56,True,True,0
TXN103106,10,2026-08-30 07:51:33.351027,660.05,176,True,True,0
TXN100769,4,2026-08-30 08:03:31.226130,1053.32,565,True,True,0
TXN102002,4,2026-08-30 08:05:41.214318,792.89,315,True,True,0
TXN102087,7,2026-08-30 08:07:00.284607,2150.92,40,True,True,0
TXN103657,11,2026-08-30 08:18:25.085608,716.86,78,True,True,0
TXN102507,7,2026-08-30 08:21:33.936316,2082.45,678,True,True,0
TXN101815,1,2026-08-30 08:25:24.567958,248.93,111,True,True,0
TXN102111,8,2026-08-30 08:38:19.201099,594.69,439,False,True,0
TXN101359,4,2026-08-30 08:40:48.360342,3361.99,406,False,False,0
TXN103413,1,2026-08-30 08:41:02.905340,495.14,569,True,True,0
TXN102699,1,2026-08-30 08:50:14.494130,580.76,232,True,True,0
TXN102775,3,2026-08-30 08:54:48.658384,1750.31,166,True,False,0
TXN101211,9,2026-08-30 09:05:49.686466,547.99,604,False,True,0
TXN103917,10,2026-08-30 09:07:38.861599,623.3,279,True,True,0
TXN101452,0,2026-08-30 09:11:19.192445,1058.04,445,True,True,0
TXN100980,7,2026-08-30 09:14:05.021024,1478.61,44,True,True,0
TXN100619,1,2026-08-30 09:26:18.762938,151.22,55,True,True,0
TXN101960,10,2026-08-30 09:28:53.756112,426.65,86,True,True,0
TXN100094,10,2026-08-30 09:37:42.949201,476.47,322,True,True,0
TXN103681,0,2026-08-30 09:46:06.621331,439.15,169,True,True,0
TXN102225,7,2026-08-30 09:49:58.528664,1428.94,695,True,True,0
TXN100554,11,2026-08-30 10:03:45.173290,1628.13,436,True,True,0
TXN100231,10,2026-08-30 10:13:47.281702,2501.37,636,True,True,0
TXN104113,11,2026-08-30 10:33:14.711798,193.02,18,True,True,0
TXN104100,1,2026-08-30 10:40:41.705237,417.79,552,True,True,0
TXN101783,11,2026-08-30 10:41:26.813106,1096.29,188,True,True,0
TXN102356,4,2026-08-30 10:42:33.655132,1206.81,462,True,True,0
TXN101802,5,2026-08-30 11:03:29.026349,2328.16,72,True,True,0
TXN100547,7,2026-08-30 11:05:41.947028,1318.34,725,True,True,0
TXN103245,9,2026-08-30 11:06:12.555936,207.37,259,True,True,0
TXN101080,11,2026-08-30 11:07:24.018376,856.34,441,True,True,0
TXN103033,1,2026-08-30 11:09:09.245894,197.94,80,True,True,0
TXN102501,1,2026-08-30 11:17:16.852240,68.37,30,True,True,0
TXN100731,5,2026-08-30 11:34:28.440708,1340.61,155,True,True,0
TXN101149,10,2026-08-30 11:44:08.337519,1149.2,364,True,True,0
TXN103892,5,2026-08-30 11:51:25.223796,1496.66,561,True,True,0
TXN102987,9,2026-08-30 11:54:44.344498,585.98,81,True,True,0
TXN102345,3,2026-08-30 12:03:13.871500,3255.12,625,True,True,0
TXN101472,5,2026-08-30 12:06:57.091311,856.84,472,True,True,0
TXN102423,9,2026-08-30 12:23:46.322938,419.7,792,True,True,0
TXN103641,11,2026-08-30 12:58:20.832087,1179.57,327,True,True,0
TXN101551,10,2026-08-30 13:12:50.491686,1254.05,772,True,True,0
TXN103324,5,2026-08-30 13:21:33.111910,886.22,496,True,True,0
TXN101997,11,2026-08-30 13:23:11.480715,513.1,769,True,True,0
TXN102561,4,2026-08-30 13:25:06.424420,628.4,668,True,True,0
TXN100309,1,2026-08-30 13:27:40.505897,266.18,638,True,True,0
TXN103671,1,2026-08-30 13:41:42.121098,398.47,13,True,True,0
TXN100618,0,2026-08-30 13:49:33.025555,772.14,481,True,True,0
TXN102757,7,2026-08-30 13:55:06.212206,3716.28,596,True,True,0
TXN100751,1,2026-08-30 13:58:13.213917,152.98,314,True,True,0
TXN101846,4,2026-08-30 14:11:28.277525,2763.6,785,True,True,0
TXN103240,2,2026-08-30 14:19:06.359224,3028.59,637,True,True,0
TXN103835,8,2026-08-30 14:25:03.930320,497.09,98,False,True,0
TXN101839,6,2026-08-30 14:38:11.740869,453.98,291,True,True,0
TXN100891,8,2026-08-30 14:44:58.228430,631.87,353,False,True,0
TXN102246,6,2026-08-30 14:58:20.774010,1039.1,430,True,True,0
TXN102509,1,2026-08-30 15:19:10.841439,535.79,323,True,True,0
TXN101143,10,2026-08-30 15:27:09.590761,1151.45,626,True,True,0
TXN103072,2,2026-08-30 15:45:20.554427,1547.76,364,False,True,0
TXN101741,8,2026-08-30 15:46:14.590184,319.64,751,True,True,0
TXN101117,7,2026-08-30 15:54:40.611589,1248.36,741,True,False,0
TXN101729,1,2026-08-30 16:05:58.722115,151.86,698,True,True,0
TXN101602,9,2026-08-30 16:29:24.948024,195.47,199,True,True,0
TXN101109,0,2026-08-30 16:34:14.164667,1607.81,321,True,True,0
TXN101584,7,2026-08-30 16:37:04.836485,1828.85,686,True,True,0
TXN102226,10,2026-08-30 16:37:51.469771,314.63,519,True,True,0
TXN102947,5,2026-08-30 16:50:53.897294,500.17,352,True,True,0
TXN100459,1,2026-08-30 16:56:08.856075,818.95,407,True,True,0
TXN102834,4,2026-08-30 17:11:21.070591,658.67,539,True,True,0
TXN100393,7,2026-08-30 17:29:32.797936,709.4,471,True,True,0
TXN102527,11,2026-08-30 17:30:09.995714,801.54,664,True,True,0
TXN100819,11,2026-08-30 17:40:55.243183,710.2,663,True,True,0
TXN101643,7,2026-08-30 17:41:31.741213,1660.04,590,True,True,0
TXN103388,3,2026-08-30 17:45:35.624997,952.43,150,True,True,0
TXN100152,11,2026-08-30 17:50:01.157290,676.86,136,True,True,0
TXN102673,2,2026-08-30 18:06:00.116748,1845.52,484,True,True,0
TXN101392,11,2026-08-30 18:06:18.474851,443.6,306,True,True,0
TXN102794,0,2026-08-30 18:08:02.909727,975.14,486,True,True,0
TXN101939,2,2026-08-30 18:17:21.886701,2511.87,755,True,True,0
TXN100777,1,2026-08-30 18:27:15.035060,424.84,405,True,True,0
TXN101883,10,2026-08-30 18:29:31.408056,672.23,155,True,True,0
TXN100407,1,2026-08-30 18:41:20.134056,374.42,68,True,True,0
TXN101744,2,2026-08-30 18:54:04.074658,1503.54,741,True,True,0
TXN101557,9,2026-08-30 18:59:30.778040,217.89,657,True,True,0
TXN102117,6,2026-08-30 19:04:31.635184,502.03,518,True,True,0
TXN101489,6,2026-08-30 19:07:30.407243,1620.68,470,True,True,0
TXN104034,5,2026-08-30 19:11:20.949104,990.96,320,True,True,0
TXN100347,11,2026-08-30 19:22:14.097835,303.42,774,True,True,0
TXN101253,9,2026-08-30 19:22:30.019748,597.86,290,True,True,0
TXN101342,1,2026-08-30 20:06:42.472931,732.94,662,False,True,0
TXN100188,2,2026-08-30 20:14:47.033028,373.63,234,True,True,0
TXN102727,0,2026-08-30 20:15:35.173380,1573.01,691,True,True,0
TXN100276,5,2026-08-30 20:22:44.715349,921.2,195,True,True,0
TXN100105,9,2026-08-30 20:35:57.192435,221.47,724,True,True,0
TXN102341,4,2026-08-30 20:47:53.946130,630.45,183,True,True,0
TXN100058,8,2026-08-30 20:53:24.677955,501.15,648,True,True,0
TXN102027,11,2026-08-30 21:02:00.007061,484.84,614,True,True,0
TXN103633,9,2026-08-30 21:07:38.284915,249.59,356,True,True,0
TXN101785,2,2026-08-30 21:16:42.868749,1651.5,356,True,True,0
TXN100624,7,2026-08-30 21:21:25.074691,685.9,407,True,True,0
TXN101244,10,2026-08-30 21:34:21.028693,553.57,422,True,True,0
TXN102993,10,2026-08-30 21:48:45.879908,716.78,550,True,True,0
TXN101652,0,2026-08-30 22:06:14.920600,1361.98,370,True,True,0
TXN103537,1,2026-08-30 22:34:18.375278,436.12,389,True,True,0
TXN103276,0,2026-08-30 22:41:03.379710,1205.27,127,True,True,0
TXN100869,0,2026-08-30 22:42:14.968508,747.41,756,True,True,0
TXNF200082,9,2026-08-30 22:42:59.486543,1150.69,282,False,False,1
TXNF200061,9,2026-08-30 22:43:11.123267,951.33,768,False,False,1
TXNF200060,9,2026-08-30 22:43:11.909019,1309.4,599,False,False,1
TXNF200077,9,2026-08-30 22:45:08.486480,1512.74,282,False,False,1
TXNF200072,9,2026-08-30 22:45:15.850626,975.05,681,False,False,1
TXNF200057,9,2026-08-30 22:46:10.125862,1247.02,282,False,True,1
TXNF200066,9,2026-08-30 22:46:31.498104,1091.42,681,False,True,1
TXNF200062,9,2026-08-30 22:47:07.870160,1469.97,768,True,False,1
TXNF200065,9,2026-08-30 22:47:09.006766,1229.71,599,False,False,1
TXNF200079,9,2026-08-30 22:47:48.997334,1270.05,282,False,False,1
TXNF200081,9,2026-08-30 22:48:25.543076,1208.47,768,True,False,1
TXNF200069,9,2026-08-30 22:48:49.752457,1460.09,768,False,False,1
TXNF200071,9,2026-08-30 22:48:52.377506,900.02,599,False,True,1
TXNF200064,9,2026-08-30 22:49:00.019876,1185.08,282,False,False,1
TXNF200049,9,2026-08-30 22:49:15.462022,1044.71,599,False,False,1
TXNF200078,9,2026-08-30 22:50:00.431314,1048.55,768,False,False,1
TXNF200050,9,2026-08-30 22:50:08.076266,985.61,282,False,False,1
TXNF200068,9,2026-08-30 22:50:08.572017,1012.63,282,False,False,1
TXNF200080,9,2026-08-30 22:50:16.446704,1221.74,599,False,False,1
TXNF200074,9,2026-08-30 22:50:27.897122,925.69,681,False,False,1
TXNF200075,9,2026-08-30 22:50:32.950767,1246.46,599,False,False,1
TXNF200053,9,2026-08-30 22:50:59.849887,1130.23,768,False,False,1
TXNF200058,9,2026-08-30 22:51:08.459820,1585.36,599,False,False,1
TXNF200070,9,2026-08-30 22:51:10.280558,1397.33,681,False,False,1
TXNF200052,9,2026-08-30 22:51:25.729848,1199.37,681,False,False,1
TXNF200063,9,2026-08-30 22:51:40.066635,1130.17,768,False,False,1
TXNF200059,9,2026-08-30 22:51:43.011899,1055.09,282,False,False,1
TXNF200056,9,2026-08-30 22:51:47.908375,1069.83,282,False,False,1
TXNF200054,9,2026-08-30 22:52:05.012588,975.57,768,False,False,1
TXNF200055,9,2026-08-30 22:52:14.569443,994.7,599,False,False,1
TXNF200051,9,2026-08-30 22:52:30.299502,1102.24,681,True,True,1
TXNF200073,9,2026-08-30 22:52:34.227754,984.52,599,False,True,1
TXNF200067,9,2026-08-30 22:52:34.452104,1423.63,282,False,True,1
TXNF200076,9,2026-08-30 22:53:03.991179,1217.62,681,False,False,1
TXN102588,11,2026-08-30 22:59:09.244942,568.2,782,True,True,0
TXN102177,5,2026-08-30 23:14:01.697874,599.7,53,True,True,0
TXN104161,4,2026-08-30 23:18:43.446086,810.83,736,True,True,0
TXN104054,0,2026-08-30 23:26:12.271830,876.4,576,True,True,0
TXN100503,10,2026-08-30 23:31:36.192550,279.65,595,True,True,0
TXN100585,11,2026-08-30 23:32:39.490870,418.97,66,True,True,0
TXN103038,3,2026-08-30 23:51:16.966199,1489.28,17,True,True,0
TXN101621,0,2026-08-30 23:52:32.173072,594.58,97,True,True,0
TXN100595,9,2026-08-31 00:13:13.002839,204.7,210,True,True,0
TXN101175,4,2026-08-31 00:35:28.231510,1436.4,277,True,True,0
TXN103853,4,2026-08-31 00:41:52.001995,1031.76,513,True,True,0
TXN100594,3,2026-08-31 00:41:57.449649,1995.64,349,True,True,0
TXN101484,4,2026-08-31 00:43:34.109843,1093.66,210,True,True,0
TXN102759,5,2026-08-31 00:44:58.909776,1479.94,591,True,True,0
TXN103182,8,2026-08-31 00:54:15.991277,820.85,26,True,True,0
TXN103499,5,2026-08-31 00:55:59.729433,688.23,18,True,True,0
TXN102855,0,2026-08-31 01:14:06.200914,921.02,359,True,True,0
TXN102930,2,2026-08-31 01:30:16.754923,2106.17,325,True,True,0
TXN100412,3,2026-08-31 01:44:00.574249,1771.66,687,True,True,0
TXN103056,9,2026-08-31 01:58:22.054833,166.4,659,True,True,0
TXN102684,6,2026-08-31 02:10:49.264015,425.35,286,True,True,0
TXN101972,8,2026-08-31 02:13:15.198057,480.24,585,True,True,0
TXN100651,7,2026-08-31 02:15:43.069207,1887.64,694,True,True,0
TXN100415,8,2026-08-31 02:25:49.831949,1201.52,82,True,False,0
TXN100482,3,2026-08-31 02:43:05.704123,4377.07,612,True,True,0
TXN103114,4,2026-08-31 03:00:22.524524,589.98,386,True,True,0
TXN102236,2,2026-08-31 03:03:56.181235,2125.92,436,True,True,0
TXN103546,4,2026-08-31 03:15:02.881577,582.3,670,True,True,0
TXN100726,8,2026-08-31 03:23:01.665221,458.89,102,True,True,0
TXN100424,5,2026-08-31 03:27:48.789322,1011.91,704,True,True,0
TXN100046,5,2026-08-31 03:29:28.187983,1298.4,110,False,True,0
TXN101000,9,2026-08-31 03:41:33.451343,339.6,74,True,True,0
TXN103556,8,2026-08-31 03:49:24.954922,532.7,383,False,True,0
TXN101775,1,2026-08-31 03:57:00.752585,159.2,343,False,False,0
TXN100225,3,2026-08-31 04:00:57.765454,1992.5,116,True,True,0
TXN103295,9,2026-08-31 04:25:53.977625,263.72,543,True,True,0
TXN102215,4,2026-08-31 04:28:14.133685,1664.51,729,True,True,0
TXN103674,7,2026-08-31 04:39:35.194697,3142.84,1,True,True,0
TXN101179,0,2026-08-31 04:47:27.766836,1389.62,213,True,True,0
TXN103049,8,2026-08-31 05:01:42.321852,1103.59,109,True,True,0
TXN102791,1,2026-08-31 05:20:43.615137,152.71,479,True,True,0
TXN103915,0,2026-08-31 05:39:13.370292,749.22,469,True,True,0
TXN101648,11,2026-08-31 05:43:46.679160,740.11,236,True,False,0
TXN102790,11,2026-08-31 05:55:16.840257,1302.93,539,True,True,0
TXN104016,3,2026-08-31 06:54:26.914520,529.74,26,True,True,0
TXN101398,0,2026-08-31 07:00:00.910762,546.56,66,True,True,0
TXN103608,7,2026-08-31 07:18:56.158174,1530.96,39,True,True,0
TXN100168,4,2026-08-31 07:19:10.941589,1816.16,252,False,True,0
TXN102300,3,2026-08-31 07:19:24.085833,2586.82,391,True,True,0
TXN101161,5,2026-08-31 07:34:15.865047,641.26,518,True,True,0
TXN103525,2,2026-08-31 07:42:38.688804,1270.0,402,True,True,0
TXN101667,8,2026-08-31 07:43:39.745095,2009.67,25,True,True,0
TXN103581,9,2026-08-31 07:44:45.140844,158.9,400,True,True,0
TXN101653,7,2026-08-31 07:58:42.994761,2237.84,756,True,True,0
TXN103825,10,2026-08-31 07:59:22.865225,1045.96,42,True,True,0
TXN101816,2,2026-08-31 08:03:38.869049,2482.93,54,True,True,0
TXN103306,3,2026-08-31 08:31:59.917385,1858.21,320,True,True,0
TXN102385,10,2026-08-31 09:05:45.019740,470.6,295,True,True,0
TXN100699,1,2026-08-31 09:16:06.958492,242.38,497,True,True,0
TXN102595,1,2026-08-31 10:01:15.528239,141.19,718,True,True,0
TXN102950,0,2026-08-31 10:31:09.864567,884.13,278,True,True,0
TXN103873,5,2026-08-31 11:13:26.921582,1145.27,741,True,True,0
TXN100803,11,2026-08-31 11:34:12.047623,734.21,405,True,True,0
TXN104009,1,2026-08-31 11:34:27.850113,330.71,698,True,True,0
TXN102631,8,2026-08-31 11:41:39.717854,693.1,36,True,True,0
TXN101254,7,2026-08-31 12:01:55.531167,2624.28,652,True,True,0
TXN104062,7,2026-08-31 12:05:43.682535,2278.21,129,True,True,0
TXN103887,2,2026-08-31 13:27:08.127081,497.61,90,True,True,0
TXN102622,1,2026-08-31 14:09:03.655119,150.1,516,True,True,0
TXN103943,11,2026-08-31 14:21:32.812709,646.95,719,True,True,0
TXN103241,2,2026-08-31 14:24:12.721498,1314.48,100,True,True,0
TXN101174,0,2026-08-31 15:01:12.577588,613.04,504,True,False,0
TXN100972,5,2026-08-31 15:24:59.318555,965.63,453,True,True,0
TXN101065,4,2026-08-31 16:39:00.436923,1149.72,528,True,True,0
TXN100063,11,2026-08-31 16:47:48.629722,878.0,378,True,True,0
TXN101235,4,2026-08-31 17:07:12.481293,1083.76,278,True,True,0
TXN102749,11,2026-08-31 18:27:51.840192,775.81,585,True,True,0
TXN103597,6,2026-08-31 19:25:59.495542,893.37,76,True,True,0
TXN102800,9,2026-08-31 20:12:14.540656,353.88,643,True,True,0
TXN100099,1,2026-08-31 23:18:56.535932,430.09,119,True,True,0
